fecha,barra,costo_marginal_usd_mwh
2026-01-01 00:00:00,Crucero220,47.44
2026-01-01 00:00:00,Charrua220,51.68
2026-01-01 00:00:00,Alto Jahuel220,61.0
2026-01-01 00:00:00,Cardones220,47.52
2026-01-01 00:00:00,Ancoa220,42.39
2026-01-01 01:00:00,Crucero220,34.58
2026-01-01 01:00:00,Charrua220,61.02
2026-01-01 01:00:00,Alto Jahuel220,52.47
2026-01-01 01:00:00,Cardones220,39.87
2026-01-01 01:00:00,Ancoa220,51.18
2026-01-01 02:00:00,Crucero220,52.04
2026-01-01 02:00:00,Charrua220,66.22
2026-01-01 02:00:00,Alto Jahuel220,55.53
2026-01-01 02:00:00,Cardones220,49.02
2026-01-01 02:00:00,Ancoa220,61.74
2026-01-01 03:00:00,Crucero220,38.13
2026-01-01 03:00:00,Charrua220,62.95
2026-01-01 03:00:00,Alto Jahuel220,47.33
2026-01-01 03:00:00,Cardones220,47.03
2026-01-01 03:00:00,Ancoa220,57.6
2026-01-01 04:00:00,Crucero220,43.52
2026-01-01 04:00:00,Charrua220,54.55
2026-01-01 04:00:00,Alto Jahuel220,64.78
2026-01-01 04:00:00,Cardones220,38.76
2026-01-01 04:00:00,Ancoa220,54.57
2026-01-01 05:00:00,Crucero220,42.18
2026-01-01 05:00:00,Charrua220,64.26
2026-01-01 05:00:00,Alto Jahuel220,57.92
2026-01-01 05:00:00,Cardones220,43.3
2026-01-01 05:00:00,Ancoa220,61.45
2026-01-01 06:00:00,Crucero220,62.13
2026-01-01 06:00:00,Charrua220,56.75
2026-01-01 06:00:00,Alto Jahuel220,50.9
2026-01-01 06:00:00,Cardones220,33.49
2026-01-01 06:00:00,Ancoa220,62.93
2026-01-01 07:00:00,Crucero220,54.03
2026-01-01 07:00:00,Charrua220,59.09
2026-01-01 07:00:00,Alto Jahuel220,48.28
2026-01-01 07:00:00,Cardones220,33.4
2026-01-01 07:00:00,Ancoa220,63.2
2026-01-01 08:00:00,Crucero220,50.95
2026-01-01 08:00:00,Charrua220,64.35
2026-01-01 08:00:00,Alto Jahuel220,49.68
2026-01-01 08:00:00,Cardones220,41.86
2026-01-01 08:00:00,Ancoa220,58.93
2026-01-01 09:00:00,Crucero220,46.75
2026-01-01 09:00:00,Charrua220,66.97
2026-01-01 09:00:00,Alto Jahuel220,56.79
2026-01-01 09:00:00,Cardones220,45.43
2026-01-01 09:00:00,Ancoa220,58.54
2026-01-01 10:00:00,Crucero220,47.31
2026-01-01 10:00:00,Charrua220,65.05
2026-01-01 10:00:00,Alto Jahuel220,43.34
2026-01-01 10:00:00,Cardones220,37.44
2026-01-01 10:00:00,Ancoa220,54.24
2026-01-01 11:00:00,Crucero220,39.89
2026-01-01 11:00:00,Charrua220,57.8
2026-01-01 11:00:00,Alto Jahuel220,66.96
2026-01-01 11:00:00,Cardones220,33.07
2026-01-01 11:00:00,Ancoa220,65.75
2026-01-01 12:00:00,Crucero220,31.54
2026-01-01 12:00:00,Charrua220,57.32
2026-01-01 12:00:00,Alto Jahuel220,56.3
2026-01-01 12:00:00,Cardones220,44.69
2026-01-01 12:00:00,Ancoa220,63.69
2026-01-01 13:00:00,Crucero220,51.35
2026-01-01 13:00:00,Charrua220,57.21
2026-01-01 13:00:00,Alto Jahuel220,51.3
2026-01-01 13:00:00,Cardones220,46.86
2026-01-01 13:00:00,Ancoa220,56.47
2026-01-01 14:00:00,Crucero220,34.79
2026-01-01 14:00:00,Charrua220,50.93
2026-01-01 14:00:00,Alto Jahuel220,47.64
2026-01-01 14:00:00,Cardones220,43.98
2026-01-01 14:00:00,Ancoa220,59.14
2026-01-01 15:00:00,Crucero220,50.52
2026-01-01 15:00:00,Charrua220,56.58
2026-01-01 15:00:00,Alto Jahuel220,56.27
2026-01-01 15:00:00,Cardones220,45.0
2026-01-01 15:00:00,Ancoa220,55.53
2026-01-01 16:00:00,Crucero220,48.65
2026-01-01 16:00:00,Charrua220,54.7
2026-01-01 16:00:00,Alto Jahuel220,52.1
2026-01-01 16:00:00,Cardones220,36.95
2026-01-01 16:00:00,Ancoa220,48.43
2026-01-01 17:00:00,Crucero220,48.9
2026-01-01 17:00:00,Charrua220,56.24
2026-01-01 17:00:00,Alto Jahuel220,55.1
2026-01-01 17:00:00,Cardones220,43.85
2026-01-01 17:00:00,Ancoa220,61.57
2026-01-01 18:00:00,Crucero220,50.32
2026-01-01 18:00:00,Charrua220,59.21
2026-01-01 18:00:00,Alto Jahuel220,51.61
2026-01-01 18:00:00,Cardones220,39.36
2026-01-01 18:00:00,Ancoa220,44.5
2026-01-01 19:00:00,Crucero220,33.42
2026-01-01 19:00:00,Charrua220,49.42
2026-01-01 19:00:00,Alto Jahuel220,47.02
2026-01-01 19:00:00,Cardones220,43.2
2026-01-01 19:00:00,Ancoa220,50.76
2026-01-01 20:00:00,Crucero220,41.97
2026-01-01 20:00:00,Charrua220,70.39
2026-01-01 20:00:00,Alto Jahuel220,52.15
2026-01-01 20:00:00,Cardones220,45.9
2026-01-01 20:00:00,Ancoa220,50.53
2026-01-01 21:00:00,Crucero220,43.36
2026-01-01 21:00:00,Charrua220,52.4
2026-01-01 21:00:00,Alto Jahuel220,52.29
2026-01-01 21:00:00,Cardones220,46.72
2026-01-01 21:00:00,Ancoa220,44.18
2026-01-01 22:00:00,Crucero220,48.48
2026-01-01 22:00:00,Charrua220,61.9
2026-01-01 22:00:00,Alto Jahuel220,50.25
2026-01-01 22:00:00,Cardones220,28.43
2026-01-01 22:00:00,Ancoa220,58.58
2026-01-01 23:00:00,Crucero220,40.76
2026-01-01 23:00:00,Charrua220,61.86
2026-01-01 23:00:00,Alto Jahuel220,55.17
2026-01-01 23:00:00,Cardones220,52.81
2026-01-01 23:00:00,Ancoa220,56.09
2026-01-02 00:00:00,Crucero220,36.81
2026-01-02 00:00:00,Charrua220,61.43
2026-01-02 00:00:00,Alto Jahuel220,56.76
2026-01-02 00:00:00,Cardones220,50.87
2026-01-02 00:00:00,Ancoa220,64.68
2026-01-02 01:00:00,Crucero220,47.85
2026-01-02 01:00:00,Charrua220,71.71
2026-01-02 01:00:00,Alto Jahuel220,45.49
2026-01-02 01:00:00,Cardones220,34.88
2026-01-02 01:00:00,Ancoa220,50.59
2026-01-02 02:00:00,Crucero220,41.88
2026-01-02 02:00:00,Charrua220,48.99
2026-01-02 02:00:00,Alto Jahuel220,60.08
2026-01-02 02:00:00,Cardones220,38.22
2026-01-02 02:00:00,Ancoa220,46.23
2026-01-02 03:00:00,Crucero220,36.88
2026-01-02 03:00:00,Charrua220,62.51
2026-01-02 03:00:00,Alto Jahuel220,61.71
2026-01-02 03:00:00,Cardones220,55.97
2026-01-02 03:00:00,Ancoa220,81.31
2026-01-02 04:00:00,Crucero220,48.32
2026-01-02 04:00:00,Charrua220,52.08
2026-01-02 04:00:00,Alto Jahuel220,37.94
2026-01-02 04:00:00,Cardones220,42.14
2026-01-02 04:00:00,Ancoa220,51.5
2026-01-02 05:00:00,Crucero220,41.68
2026-01-02 05:00:00,Charrua220,55.1
2026-01-02 05:00:00,Alto Jahuel220,53.87
2026-01-02 05:00:00,Cardones220,48.53
2026-01-02 05:00:00,Ancoa220,59.26
2026-01-02 06:00:00,Crucero220,43.73
2026-01-02 06:00:00,Charrua220,51.71
2026-01-02 06:00:00,Alto Jahuel220,41.6
2026-01-02 06:00:00,Cardones220,36.11
2026-01-02 06:00:00,Ancoa220,57.57
2026-01-02 07:00:00,Crucero220,59.14
2026-01-02 07:00:00,Charrua220,61.04
2026-01-02 07:00:00,Alto Jahuel220,62.86
2026-01-02 07:00:00,Cardones220,36.01
2026-01-02 07:00:00,Ancoa220,48.52
2026-01-02 08:00:00,Crucero220,37.28
2026-01-02 08:00:00,Charrua220,54.2
2026-01-02 08:00:00,Alto Jahuel220,72.03
2026-01-02 08:00:00,Cardones220,33.43
2026-01-02 08:00:00,Ancoa220,64.71
2026-01-02 09:00:00,Crucero220,37.78
2026-01-02 09:00:00,Charrua220,67.45
2026-01-02 09:00:00,Alto Jahuel220,58.08
2026-01-02 09:00:00,Cardones220,38.75
2026-01-02 09:00:00,Ancoa220,57.67
2026-01-02 10:00:00,Crucero220,39.76
2026-01-02 10:00:00,Charrua220,63.57
2026-01-02 10:00:00,Alto Jahuel220,51.36
2026-01-02 10:00:00,Cardones220,30.2
2026-01-02 10:00:00,Ancoa220,47.78
2026-01-02 11:00:00,Crucero220,46.38
2026-01-02 11:00:00,Charrua220,72.63
2026-01-02 11:00:00,Alto Jahuel220,56.28
2026-01-02 11:00:00,Cardones220,39.05
2026-01-02 11:00:00,Ancoa220,60.29
2026-01-02 12:00:00,Crucero220,55.45
2026-01-02 12:00:00,Charrua220,61.76
2026-01-02 12:00:00,Alto Jahuel220,51.71
2026-01-02 12:00:00,Cardones220,48.85
2026-01-02 12:00:00,Ancoa220,61.43
2026-01-02 13:00:00,Crucero220,57.29
2026-01-02 13:00:00,Charrua220,61.47
2026-01-02 13:00:00,Alto Jahuel220,45.2
2026-01-02 13:00:00,Cardones220,29.05
2026-01-02 13:00:00,Ancoa220,71.21
2026-01-02 14:00:00,Crucero220,58.79
2026-01-02 14:00:00,Charrua220,58.56
2026-01-02 14:00:00,Alto Jahuel220,51.93
2026-01-02 14:00:00,Cardones220,51.69
2026-01-02 14:00:00,Ancoa220,49.14
2026-01-02 15:00:00,Crucero220,37.84
2026-01-02 15:00:00,Charrua220,65.15
2026-01-02 15:00:00,Alto Jahuel220,51.84
2026-01-02 15:00:00,Cardones220,39.96
2026-01-02 15:00:00,Ancoa220,56.69
2026-01-02 16:00:00,Crucero220,47.7
2026-01-02 16:00:00,Charrua220,71.26
2026-01-02 16:00:00,Alto Jahuel220,55.72
2026-01-02 16:00:00,Cardones220,45.15
2026-01-02 16:00:00,Ancoa220,41.6
2026-01-02 17:00:00,Crucero220,44.61
2026-01-02 17:00:00,Charrua220,53.25
2026-01-02 17:00:00,Alto Jahuel220,45.25
2026-01-02 17:00:00,Cardones220,32.97
2026-01-02 17:00:00,Ancoa220,55.33
2026-01-02 18:00:00,Crucero220,52.33
2026-01-02 18:00:00,Charrua220,49.39
2026-01-02 18:00:00,Alto Jahuel220,55.25
2026-01-02 18:00:00,Cardones220,36.13
2026-01-02 18:00:00,Ancoa220,55.38
2026-01-02 19:00:00,Crucero220,53.02
2026-01-02 19:00:00,Charrua220,64.3
2026-01-02 19:00:00,Alto Jahuel220,65.7
2026-01-02 19:00:00,Cardones220,38.76
2026-01-02 19:00:00,Ancoa220,52.43
2026-01-02 20:00:00,Crucero220,43.21
2026-01-02 20:00:00,Charrua220,61.94
2026-01-02 20:00:00,Alto Jahuel220,56.41
2026-01-02 20:00:00,Cardones220,31.32
2026-01-02 20:00:00,Ancoa220,58.72
2026-01-02 21:00:00,Crucero220,46.83
2026-01-02 21:00:00,Charrua220,80.14
2026-01-02 21:00:00,Alto Jahuel220,70.01
2026-01-02 21:00:00,Cardones220,33.17
2026-01-02 21:00:00,Ancoa220,55.7
2026-01-02 22:00:00,Crucero220,33.29
2026-01-02 22:00:00,Charrua220,55.27
2026-01-02 22:00:00,Alto Jahuel220,57.52
2026-01-02 22:00:00,Cardones220,49.65
2026-01-02 22:00:00,Ancoa220,52.17
2026-01-02 23:00:00,Crucero220,39.77
2026-01-02 23:00:00,Charrua220,42.82
2026-01-02 23:00:00,Alto Jahuel220,53.7
2026-01-02 23:00:00,Cardones220,31.5
2026-01-02 23:00:00,Ancoa220,53.76
2026-01-03 00:00:00,Crucero220,37.99
2026-01-03 00:00:00,Charrua220,59.25
2026-01-03 00:00:00,Alto Jahuel220,40.94
2026-01-03 00:00:00,Cardones220,28.26
2026-01-03 00:00:00,Ancoa220,75.03
2026-01-03 01:00:00,Crucero220,34.7
2026-01-03 01:00:00,Charrua220,51.23
2026-01-03 01:00:00,Alto Jahuel220,69.7
2026-01-03 01:00:00,Cardones220,63.24
2026-01-03 01:00:00,Ancoa220,48.63
2026-01-03 02:00:00,Crucero220,42.05
2026-01-03 02:00:00,Charrua220,62.73
2026-01-03 02:00:00,Alto Jahuel220,68.83
2026-01-03 02:00:00,Cardones220,32.11
2026-01-03 02:00:00,Ancoa220,56.04
2026-01-03 03:00:00,Crucero220,51.22
2026-01-03 03:00:00,Charrua220,63.48
2026-01-03 03:00:00,Alto Jahuel220,51.99
2026-01-03 03:00:00,Cardones220,38.93
2026-01-03 03:00:00,Ancoa220,47.0
2026-01-03 04:00:00,Crucero220,43.09
2026-01-03 04:00:00,Charrua220,57.87
2026-01-03 04:00:00,Alto Jahuel220,56.86
2026-01-03 04:00:00,Cardones220,35.56
2026-01-03 04:00:00,Ancoa220,61.77
2026-01-03 05:00:00,Crucero220,53.1
2026-01-03 05:00:00,Charrua220,61.24
2026-01-03 05:00:00,Alto Jahuel220,57.81
2026-01-03 05:00:00,Cardones220,40.43
2026-01-03 05:00:00,Ancoa220,58.0
2026-01-03 06:00:00,Crucero220,39.23
2026-01-03 06:00:00,Charrua220,62.53
2026-01-03 06:00:00,Alto Jahuel220,54.22
2026-01-03 06:00:00,Cardones220,56.75
2026-01-03 06:00:00,Ancoa220,70.59
2026-01-03 07:00:00,Crucero220,48.09
2026-01-03 07:00:00,Charrua220,53.9
2026-01-03 07:00:00,Alto Jahuel220,46.1
2026-01-03 07:00:00,Cardones220,49.53
2026-01-03 07:00:00,Ancoa220,60.1
2026-01-03 08:00:00,Crucero220,48.84
2026-01-03 08:00:00,Charrua220,46.04
2026-01-03 08:00:00,Alto Jahuel220,62.42
2026-01-03 08:00:00,Cardones220,43.64
2026-01-03 08:00:00,Ancoa220,49.12
2026-01-03 09:00:00,Crucero220,41.23
2026-01-03 09:00:00,Charrua220,62.11
2026-01-03 09:00:00,Alto Jahuel220,55.42
2026-01-03 09:00:00,Cardones220,37.66
2026-01-03 09:00:00,Ancoa220,57.17
2026-01-03 10:00:00,Crucero220,42.98
2026-01-03 10:00:00,Charrua220,61.22
2026-01-03 10:00:00,Alto Jahuel220,66.77
2026-01-03 10:00:00,Cardones220,19.47
2026-01-03 10:00:00,Ancoa220,56.11
2026-01-03 11:00:00,Crucero220,46.41
2026-01-03 11:00:00,Charrua220,62.37
2026-01-03 11:00:00,Alto Jahuel220,52.02
2026-01-03 11:00:00,Cardones220,25.95
2026-01-03 11:00:00,Ancoa220,60.62
2026-01-03 12:00:00,Crucero220,58.82
2026-01-03 12:00:00,Charrua220,47.73
2026-01-03 12:00:00,Alto Jahuel220,61.91
2026-01-03 12:00:00,Cardones220,37.37
2026-01-03 12:00:00,Ancoa220,57.51
2026-01-03 13:00:00,Crucero220,36.58
2026-01-03 13:00:00,Charrua220,57.32
2026-01-03 13:00:00,Alto Jahuel220,65.4
2026-01-03 13:00:00,Cardones220,44.66
2026-01-03 13:00:00,Ancoa220,71.86
2026-01-03 14:00:00,Crucero220,54.42
2026-01-03 14:00:00,Charrua220,63.51
2026-01-03 14:00:00,Alto Jahuel220,68.95
2026-01-03 14:00:00,Cardones220,43.51
2026-01-03 14:00:00,Ancoa220,64.62
2026-01-03 15:00:00,Crucero220,42.63
2026-01-03 15:00:00,Charrua220,60.53
2026-01-03 15:00:00,Alto Jahuel220,49.42
2026-01-03 15:00:00,Cardones220,47.92
2026-01-03 15:00:00,Ancoa220,48.57
2026-01-03 16:00:00,Crucero220,51.26
2026-01-03 16:00:00,Charrua220,58.47
2026-01-03 16:00:00,Alto Jahuel220,64.37
2026-01-03 16:00:00,Cardones220,46.01
2026-01-03 16:00:00,Ancoa220,72.57
2026-01-03 17:00:00,Crucero220,50.85
2026-01-03 17:00:00,Charrua220,47.42
2026-01-03 17:00:00,Alto Jahuel220,54.46
2026-01-03 17:00:00,Cardones220,30.62
2026-01-03 17:00:00,Ancoa220,53.85
2026-01-03 18:00:00,Crucero220,57.09
2026-01-03 18:00:00,Charrua220,65.1
2026-01-03 18:00:00,Alto Jahuel220,49.41
2026-01-03 18:00:00,Cardones220,31.89
2026-01-03 18:00:00,Ancoa220,58.26
2026-01-03 19:00:00,Crucero220,35.27
2026-01-03 19:00:00,Charrua220,54.63
2026-01-03 19:00:00,Alto Jahuel220,57.5
2026-01-03 19:00:00,Cardones220,49.24
2026-01-03 19:00:00,Ancoa220,62.87
2026-01-03 20:00:00,Crucero220,26.67
2026-01-03 20:00:00,Charrua220,62.43
2026-01-03 20:00:00,Alto Jahuel220,55.58
2026-01-03 20:00:00,Cardones220,43.31
2026-01-03 20:00:00,Ancoa220,70.93
2026-01-03 21:00:00,Crucero220,28.49
2026-01-03 21:00:00,Charrua220,55.27
2026-01-03 21:00:00,Alto Jahuel220,59.73
2026-01-03 21:00:00,Cardones220,27.35
2026-01-03 21:00:00,Ancoa220,69.81
2026-01-03 22:00:00,Crucero220,47.95
2026-01-03 22:00:00,Charrua220,66.77
2026-01-03 22:00:00,Alto Jahuel220,50.43
2026-01-03 22:00:00,Cardones220,46.51
2026-01-03 22:00:00,Ancoa220,66.55
2026-01-03 23:00:00,Crucero220,46.86
2026-01-03 23:00:00,Charrua220,61.88
2026-01-03 23:00:00,Alto Jahuel220,57.16
2026-01-03 23:00:00,Cardones220,33.09
2026-01-03 23:00:00,Ancoa220,56.82
2026-01-04 00:00:00,Crucero220,43.78
2026-01-04 00:00:00,Charrua220,63.07
2026-01-04 00:00:00,Alto Jahuel220,63.0
2026-01-04 00:00:00,Cardones220,31.53
2026-01-04 00:00:00,Ancoa220,57.0
2026-01-04 01:00:00,Crucero220,56.85
2026-01-04 01:00:00,Charrua220,54.05
2026-01-04 01:00:00,Alto Jahuel220,48.42
2026-01-04 01:00:00,Cardones220,41.62
2026-01-04 01:00:00,Ancoa220,64.76
2026-01-04 02:00:00,Crucero220,45.09
2026-01-04 02:00:00,Charrua220,70.63
2026-01-04 02:00:00,Alto Jahuel220,61.85
2026-01-04 02:00:00,Cardones220,46.73
2026-01-04 02:00:00,Ancoa220,62.43
2026-01-04 03:00:00,Crucero220,63.62
2026-01-04 03:00:00,Charrua220,58.36
2026-01-04 03:00:00,Alto Jahuel220,38.97
2026-01-04 03:00:00,Cardones220,52.83
2026-01-04 03:00:00,Ancoa220,54.34
2026-01-04 04:00:00,Crucero220,45.86
2026-01-04 04:00:00,Charrua220,70.48
2026-01-04 04:00:00,Alto Jahuel220,42.18
2026-01-04 04:00:00,Cardones220,29.99
2026-01-04 04:00:00,Ancoa220,45.19
2026-01-04 05:00:00,Crucero220,38.65
2026-01-04 05:00:00,Charrua220,63.52
2026-01-04 05:00:00,Alto Jahuel220,59.19
2026-01-04 05:00:00,Cardones220,42.21
2026-01-04 05:00:00,Ancoa220,46.7
2026-01-04 06:00:00,Crucero220,26.52
2026-01-04 06:00:00,Charrua220,60.43
2026-01-04 06:00:00,Alto Jahuel220,51.23
2026-01-04 06:00:00,Cardones220,43.68
2026-01-04 06:00:00,Ancoa220,63.62
2026-01-04 07:00:00,Crucero220,46.11
2026-01-04 07:00:00,Charrua220,66.08
2026-01-04 07:00:00,Alto Jahuel220,56.83
2026-01-04 07:00:00,Cardones220,44.24
2026-01-04 07:00:00,Ancoa220,52.36
2026-01-04 08:00:00,Crucero220,43.56
2026-01-04 08:00:00,Charrua220,61.57
2026-01-04 08:00:00,Alto Jahuel220,61.56
2026-01-04 08:00:00,Cardones220,36.85
2026-01-04 08:00:00,Ancoa220,62.17
2026-01-04 09:00:00,Crucero220,42.87
2026-01-04 09:00:00,Charrua220,59.06
2026-01-04 09:00:00,Alto Jahuel220,61.64
2026-01-04 09:00:00,Cardones220,24.06
2026-01-04 09:00:00,Ancoa220,47.63
2026-01-04 10:00:00,Crucero220,33.14
2026-01-04 10:00:00,Charrua220,41.33
2026-01-04 10:00:00,Alto Jahuel220,49.57
2026-01-04 10:00:00,Cardones220,46.0
2026-01-04 10:00:00,Ancoa220,55.72
2026-01-04 11:00:00,Crucero220,46.58
2026-01-04 11:00:00,Charrua220,68.71
2026-01-04 11:00:00,Alto Jahuel220,65.62
2026-01-04 11:00:00,Cardones220,39.45
2026-01-04 11:00:00,Ancoa220,68.83
2026-01-04 12:00:00,Crucero220,45.74
2026-01-04 12:00:00,Charrua220,53.3
2026-01-04 12:00:00,Alto Jahuel220,50.24
2026-01-04 12:00:00,Cardones220,28.16
2026-01-04 12:00:00,Ancoa220,50.89
2026-01-04 13:00:00,Crucero220,42.14
2026-01-04 13:00:00,Charrua220,66.43
2026-01-04 13:00:00,Alto Jahuel220,68.77
2026-01-04 13:00:00,Cardones220,28.94
2026-01-04 13:00:00,Ancoa220,61.14
2026-01-04 14:00:00,Crucero220,36.68
2026-01-04 14:00:00,Charrua220,63.8
2026-01-04 14:00:00,Alto Jahuel220,53.95
2026-01-04 14:00:00,Cardones220,25.35
2026-01-04 14:00:00,Ancoa220,65.43
2026-01-04 15:00:00,Crucero220,40.16
2026-01-04 15:00:00,Charrua220,55.73
2026-01-04 15:00:00,Alto Jahuel220,46.44
2026-01-04 15:00:00,Cardones220,34.77
2026-01-04 15:00:00,Ancoa220,61.42
2026-01-04 16:00:00,Crucero220,43.49
2026-01-04 16:00:00,Charrua220,62.63
2026-01-04 16:00:00,Alto Jahuel220,57.9
2026-01-04 16:00:00,Cardones220,50.57
2026-01-04 16:00:00,Ancoa220,55.26
2026-01-04 17:00:00,Crucero220,33.19
2026-01-04 17:00:00,Charrua220,68.54
2026-01-04 17:00:00,Alto Jahuel220,52.35
2026-01-04 17:00:00,Cardones220,48.92
2026-01-04 17:00:00,Ancoa220,61.07
2026-01-04 18:00:00,Crucero220,43.95
2026-01-04 18:00:00,Charrua220,62.79
2026-01-04 18:00:00,Alto Jahuel220,70.61
2026-01-04 18:00:00,Cardones220,56.62
2026-01-04 18:00:00,Ancoa220,58.56
2026-01-04 19:00:00,Crucero220,46.28
2026-01-04 19:00:00,Charrua220,68.61
2026-01-04 19:00:00,Alto Jahuel220,48.23
2026-01-04 19:00:00,Cardones220,42.66
2026-01-04 19:00:00,Ancoa220,57.79
2026-01-04 20:00:00,Crucero220,47.51
2026-01-04 20:00:00,Charrua220,53.33
2026-01-04 20:00:00,Alto Jahuel220,42.28
2026-01-04 20:00:00,Cardones220,23.42
2026-01-04 20:00:00,Ancoa220,49.06
2026-01-04 21:00:00,Crucero220,41.33
2026-01-04 21:00:00,Charrua220,57.65
2026-01-04 21:00:00,Alto Jahuel220,70.5
2026-01-04 21:00:00,Cardones220,48.85
2026-01-04 21:00:00,Ancoa220,50.3
2026-01-04 22:00:00,Crucero220,47.78
2026-01-04 22:00:00,Charrua220,56.74
2026-01-04 22:00:00,Alto Jahuel220,52.73
2026-01-04 22:00:00,Cardones220,41.48
2026-01-04 22:00:00,Ancoa220,62.95
2026-01-04 23:00:00,Crucero220,42.29
2026-01-04 23:00:00,Charrua220,68.51
2026-01-04 23:00:00,Alto Jahuel220,45.86
2026-01-04 23:00:00,Cardones220,40.05
2026-01-04 23:00:00,Ancoa220,78.78
2026-01-05 00:00:00,Crucero220,46.78
2026-01-05 00:00:00,Charrua220,71.47
2026-01-05 00:00:00,Alto Jahuel220,55.73
2026-01-05 00:00:00,Cardones220,44.65
2026-01-05 00:00:00,Ancoa220,57.55
2026-01-05 01:00:00,Crucero220,43.64
2026-01-05 01:00:00,Charrua220,53.76
2026-01-05 01:00:00,Alto Jahuel220,58.44
2026-01-05 01:00:00,Cardones220,33.19
2026-01-05 01:00:00,Ancoa220,63.32
2026-01-05 02:00:00,Crucero220,53.68
2026-01-05 02:00:00,Charrua220,62.93
2026-01-05 02:00:00,Alto Jahuel220,52.71
2026-01-05 02:00:00,Cardones220,43.63
2026-01-05 02:00:00,Ancoa220,55.53
2026-01-05 03:00:00,Crucero220,52.48
2026-01-05 03:00:00,Charrua220,45.35
2026-01-05 03:00:00,Alto Jahuel220,52.32
2026-01-05 03:00:00,Cardones220,24.07
2026-01-05 03:00:00,Ancoa220,46.04
2026-01-05 04:00:00,Crucero220,55.91
2026-01-05 04:00:00,Charrua220,67.16
2026-01-05 04:00:00,Alto Jahuel220,49.24
2026-01-05 04:00:00,Cardones220,27.98
2026-01-05 04:00:00,Ancoa220,34.28
2026-01-05 05:00:00,Crucero220,40.65
2026-01-05 05:00:00,Charrua220,79.36
2026-01-05 05:00:00,Alto Jahuel220,58.48
2026-01-05 05:00:00,Cardones220,35.52
2026-01-05 05:00:00,Ancoa220,61.72
2026-01-05 06:00:00,Crucero220,32.51
2026-01-05 06:00:00,Charrua220,57.62
2026-01-05 06:00:00,Alto Jahuel220,55.8
2026-01-05 06:00:00,Cardones220,39.31
2026-01-05 06:00:00,Ancoa220,64.33
2026-01-05 07:00:00,Crucero220,47.76
2026-01-05 07:00:00,Charrua220,65.35
2026-01-05 07:00:00,Alto Jahuel220,49.49
2026-01-05 07:00:00,Cardones220,47.18
2026-01-05 07:00:00,Ancoa220,71.03
2026-01-05 08:00:00,Crucero220,37.24
2026-01-05 08:00:00,Charrua220,52.9
2026-01-05 08:00:00,Alto Jahuel220,65.69
2026-01-05 08:00:00,Cardones220,38.47
2026-01-05 08:00:00,Ancoa220,69.23
2026-01-05 09:00:00,Crucero220,41.46
2026-01-05 09:00:00,Charrua220,71.64
2026-01-05 09:00:00,Alto Jahuel220,56.05
2026-01-05 09:00:00,Cardones220,42.07
2026-01-05 09:00:00,Ancoa220,70.52
2026-01-05 10:00:00,Crucero220,42.11
2026-01-05 10:00:00,Charrua220,52.47
2026-01-05 10:00:00,Alto Jahuel220,51.41
2026-01-05 10:00:00,Cardones220,43.62
2026-01-05 10:00:00,Ancoa220,45.47
2026-01-05 11:00:00,Crucero220,50.1
2026-01-05 11:00:00,Charrua220,55.69
2026-01-05 11:00:00,Alto Jahuel220,64.18
2026-01-05 11:00:00,Cardones220,20.85
2026-01-05 11:00:00,Ancoa220,51.71
2026-01-05 12:00:00,Crucero220,31.51
2026-01-05 12:00:00,Charrua220,53.39
2026-01-05 12:00:00,Alto Jahuel220,56.98
2026-01-05 12:00:00,Cardones220,38.57
2026-01-05 12:00:00,Ancoa220,55.97
2026-01-05 13:00:00,Crucero220,43.73
2026-01-05 13:00:00,Charrua220,61.63
2026-01-05 13:00:00,Alto Jahuel220,46.93
2026-01-05 13:00:00,Cardones220,45.65
2026-01-05 13:00:00,Ancoa220,63.3
2026-01-05 14:00:00,Crucero220,48.08
2026-01-05 14:00:00,Charrua220,64.45
2026-01-05 14:00:00,Alto Jahuel220,57.37
2026-01-05 14:00:00,Cardones220,56.28
2026-01-05 14:00:00,Ancoa220,57.3
2026-01-05 15:00:00,Crucero220,42.54
2026-01-05 15:00:00,Charrua220,53.97
2026-01-05 15:00:00,Alto Jahuel220,46.74
2026-01-05 15:00:00,Cardones220,30.04
2026-01-05 15:00:00,Ancoa220,50.89
2026-01-05 16:00:00,Crucero220,44.43
2026-01-05 16:00:00,Charrua220,62.67
2026-01-05 16:00:00,Alto Jahuel220,55.41
2026-01-05 16:00:00,Cardones220,33.88
2026-01-05 16:00:00,Ancoa220,65.2
2026-01-05 17:00:00,Crucero220,50.92
2026-01-05 17:00:00,Charrua220,58.72
2026-01-05 17:00:00,Alto Jahuel220,49.78
2026-01-05 17:00:00,Cardones220,44.39
2026-01-05 17:00:00,Ancoa220,59.5
2026-01-05 18:00:00,Crucero220,33.41
2026-01-05 18:00:00,Charrua220,59.46
2026-01-05 18:00:00,Alto Jahuel220,57.1
2026-01-05 18:00:00,Cardones220,32.8
2026-01-05 18:00:00,Ancoa220,59.52
2026-01-05 19:00:00,Crucero220,33.36
2026-01-05 19:00:00,Charrua220,70.69
2026-01-05 19:00:00,Alto Jahuel220,64.98
2026-01-05 19:00:00,Cardones220,37.98
2026-01-05 19:00:00,Ancoa220,60.91
2026-01-05 20:00:00,Crucero220,25.72
2026-01-05 20:00:00,Charrua220,50.75
2026-01-05 20:00:00,Alto Jahuel220,52.65
2026-01-05 20:00:00,Cardones220,31.42
2026-01-05 20:00:00,Ancoa220,63.72
2026-01-05 21:00:00,Crucero220,60.98
2026-01-05 21:00:00,Charrua220,50.59
2026-01-05 21:00:00,Alto Jahuel220,48.3
2026-01-05 21:00:00,Cardones220,41.88
2026-01-05 21:00:00,Ancoa220,70.89
2026-01-05 22:00:00,Crucero220,35.22
2026-01-05 22:00:00,Charrua220,61.99
2026-01-05 22:00:00,Alto Jahuel220,69.57
2026-01-05 22:00:00,Cardones220,26.79
2026-01-05 22:00:00,Ancoa220,47.75
2026-01-05 23:00:00,Crucero220,41.61
2026-01-05 23:00:00,Charrua220,55.84
2026-01-05 23:00:00,Alto Jahuel220,61.5
2026-01-05 23:00:00,Cardones220,41.93
2026-01-05 23:00:00,Ancoa220,43.8
2026-01-06 00:00:00,Crucero220,49.12
2026-01-06 00:00:00,Charrua220,55.38
2026-01-06 00:00:00,Alto Jahuel220,65.2
2026-01-06 00:00:00,Cardones220,34.98
2026-01-06 00:00:00,Ancoa220,52.91
2026-01-06 01:00:00,Crucero220,49.33
2026-01-06 01:00:00,Charrua220,66.1
2026-01-06 01:00:00,Alto Jahuel220,58.58
2026-01-06 01:00:00,Cardones220,26.52
2026-01-06 01:00:00,Ancoa220,62.3
2026-01-06 02:00:00,Crucero220,36.73
2026-01-06 02:00:00,Charrua220,61.88
2026-01-06 02:00:00,Alto Jahuel220,43.61
2026-01-06 02:00:00,Cardones220,43.57
2026-01-06 02:00:00,Ancoa220,51.55
2026-01-06 03:00:00,Crucero220,34.74
2026-01-06 03:00:00,Charrua220,65.71
2026-01-06 03:00:00,Alto Jahuel220,56.93
2026-01-06 03:00:00,Cardones220,35.09
2026-01-06 03:00:00,Ancoa220,69.61
2026-01-06 04:00:00,Crucero220,41.47
2026-01-06 04:00:00,Charrua220,60.26
2026-01-06 04:00:00,Alto Jahuel220,57.15
2026-01-06 04:00:00,Cardones220,35.04
2026-01-06 04:00:00,Ancoa220,61.77
2026-01-06 05:00:00,Crucero220,40.73
2026-01-06 05:00:00,Charrua220,56.71
2026-01-06 05:00:00,Alto Jahuel220,65.9
2026-01-06 05:00:00,Cardones220,31.68
2026-01-06 05:00:00,Ancoa220,38.7
2026-01-06 06:00:00,Crucero220,57.89
2026-01-06 06:00:00,Charrua220,80.39
2026-01-06 06:00:00,Alto Jahuel220,51.76
2026-01-06 06:00:00,Cardones220,24.51
2026-01-06 06:00:00,Ancoa220,55.52
2026-01-06 07:00:00,Crucero220,42.71
2026-01-06 07:00:00,Charrua220,58.48
2026-01-06 07:00:00,Alto Jahuel220,46.09
2026-01-06 07:00:00,Cardones220,44.64
2026-01-06 07:00:00,Ancoa220,62.2
2026-01-06 08:00:00,Crucero220,33.04
2026-01-06 08:00:00,Charrua220,65.59
2026-01-06 08:00:00,Alto Jahuel220,71.42
2026-01-06 08:00:00,Cardones220,41.38
2026-01-06 08:00:00,Ancoa220,55.3
2026-01-06 09:00:00,Crucero220,43.86
2026-01-06 09:00:00,Charrua220,64.92
2026-01-06 09:00:00,Alto Jahuel220,41.15
2026-01-06 09:00:00,Cardones220,41.32
2026-01-06 09:00:00,Ancoa220,54.88
2026-01-06 10:00:00,Crucero220,59.78
2026-01-06 10:00:00,Charrua220,58.61
2026-01-06 10:00:00,Alto Jahuel220,68.34
2026-01-06 10:00:00,Cardones220,31.17
2026-01-06 10:00:00,Ancoa220,62.7
2026-01-06 11:00:00,Crucero220,47.56
2026-01-06 11:00:00,Charrua220,53.05
2026-01-06 11:00:00,Alto Jahuel220,56.42
2026-01-06 11:00:00,Cardones220,49.7
2026-01-06 11:00:00,Ancoa220,55.41
2026-01-06 12:00:00,Crucero220,31.46
2026-01-06 12:00:00,Charrua220,59.86
2026-01-06 12:00:00,Alto Jahuel220,47.78
2026-01-06 12:00:00,Cardones220,37.26
2026-01-06 12:00:00,Ancoa220,57.35
2026-01-06 13:00:00,Crucero220,31.35
2026-01-06 13:00:00,Charrua220,47.07
2026-01-06 13:00:00,Alto Jahuel220,58.86
2026-01-06 13:00:00,Cardones220,35.82
2026-01-06 13:00:00,Ancoa220,37.48
2026-01-06 14:00:00,Crucero220,51.28
2026-01-06 14:00:00,Charrua220,62.18
2026-01-06 14:00:00,Alto Jahuel220,49.29
2026-01-06 14:00:00,Cardones220,29.47
2026-01-06 14:00:00,Ancoa220,64.69
2026-01-06 15:00:00,Crucero220,47.79
2026-01-06 15:00:00,Charrua220,79.06
2026-01-06 15:00:00,Alto Jahuel220,58.36
2026-01-06 15:00:00,Cardones220,43.1
2026-01-06 15:00:00,Ancoa220,56.66
2026-01-06 16:00:00,Crucero220,51.53
2026-01-06 16:00:00,Charrua220,65.0
2026-01-06 16:00:00,Alto Jahuel220,65.01
2026-01-06 16:00:00,Cardones220,35.83
2026-01-06 16:00:00,Ancoa220,54.52
2026-01-06 17:00:00,Crucero220,41.17
2026-01-06 17:00:00,Charrua220,66.33
2026-01-06 17:00:00,Alto Jahuel220,66.99
2026-01-06 17:00:00,Cardones220,36.33
2026-01-06 17:00:00,Ancoa220,54.6
2026-01-06 18:00:00,Crucero220,47.51
2026-01-06 18:00:00,Charrua220,58.03
2026-01-06 18:00:00,Alto Jahuel220,62.62
2026-01-06 18:00:00,Cardones220,21.99
2026-01-06 18:00:00,Ancoa220,51.39
2026-01-06 19:00:00,Crucero220,38.74
2026-01-06 19:00:00,Charrua220,41.44
2026-01-06 19:00:00,Alto Jahuel220,47.29
2026-01-06 19:00:00,Cardones220,32.68
2026-01-06 19:00:00,Ancoa220,56.39
2026-01-06 20:00:00,Crucero220,53.9
2026-01-06 20:00:00,Charrua220,58.04
2026-01-06 20:00:00,Alto Jahuel220,46.75
2026-01-06 20:00:00,Cardones220,39.54
2026-01-06 20:00:00,Ancoa220,66.39
2026-01-06 21:00:00,Crucero220,37.19
2026-01-06 21:00:00,Charrua220,52.72
2026-01-06 21:00:00,Alto Jahuel220,59.47
2026-01-06 21:00:00,Cardones220,38.23
2026-01-06 21:00:00,Ancoa220,63.18
2026-01-06 22:00:00,Crucero220,44.89
2026-01-06 22:00:00,Charrua220,65.61
2026-01-06 22:00:00,Alto Jahuel220,46.72
2026-01-06 22:00:00,Cardones220,39.9
2026-01-06 22:00:00,Ancoa220,56.31
2026-01-06 23:00:00,Crucero220,35.27
2026-01-06 23:00:00,Charrua220,47.49
2026-01-06 23:00:00,Alto Jahuel220,60.49
2026-01-06 23:00:00,Cardones220,37.19
2026-01-06 23:00:00,Ancoa220,49.82
2026-01-07 00:00:00,Crucero220,44.23
2026-01-07 00:00:00,Charrua220,69.02
2026-01-07 00:00:00,Alto Jahuel220,36.75
2026-01-07 00:00:00,Cardones220,28.03
2026-01-07 00:00:00,Ancoa220,50.62
2026-01-07 01:00:00,Crucero220,56.69
2026-01-07 01:00:00,Charrua220,62.26
2026-01-07 01:00:00,Alto Jahuel220,61.14
2026-01-07 01:00:00,Cardones220,30.88
2026-01-07 01:00:00,Ancoa220,49.04
2026-01-07 02:00:00,Crucero220,48.58
2026-01-07 02:00:00,Charrua220,60.47
2026-01-07 02:00:00,Alto Jahuel220,59.39
2026-01-07 02:00:00,Cardones220,38.5
2026-01-07 02:00:00,Ancoa220,60.23
2026-01-07 03:00:00,Crucero220,46.26
2026-01-07 03:00:00,Charrua220,66.22
2026-01-07 03:00:00,Alto Jahuel220,61.46
2026-01-07 03:00:00,Cardones220,27.04
2026-01-07 03:00:00,Ancoa220,40.02
2026-01-07 04:00:00,Crucero220,53.01
2026-01-07 04:00:00,Charrua220,69.5
2026-01-07 04:00:00,Alto Jahuel220,46.84
2026-01-07 04:00:00,Cardones220,25.12
2026-01-07 04:00:00,Ancoa220,58.79
2026-01-07 05:00:00,Crucero220,52.45
2026-01-07 05:00:00,Charrua220,74.38
2026-01-07 05:00:00,Alto Jahuel220,59.13
2026-01-07 05:00:00,Cardones220,37.03
2026-01-07 05:00:00,Ancoa220,50.85
2026-01-07 06:00:00,Crucero220,45.09
2026-01-07 06:00:00,Charrua220,57.61
2026-01-07 06:00:00,Alto Jahuel220,46.88
2026-01-07 06:00:00,Cardones220,56.39
2026-01-07 06:00:00,Ancoa220,72.28
2026-01-07 07:00:00,Crucero220,54.09
2026-01-07 07:00:00,Charrua220,52.63
2026-01-07 07:00:00,Alto Jahuel220,61.84
2026-01-07 07:00:00,Cardones220,45.12
2026-01-07 07:00:00,Ancoa220,61.54
2026-01-07 08:00:00,Crucero220,55.0
2026-01-07 08:00:00,Charrua220,65.08
2026-01-07 08:00:00,Alto Jahuel220,60.92
2026-01-07 08:00:00,Cardones220,45.1
2026-01-07 08:00:00,Ancoa220,60.73
2026-01-07 09:00:00,Crucero220,30.73
2026-01-07 09:00:00,Charrua220,60.67
2026-01-07 09:00:00,Alto Jahuel220,50.55
2026-01-07 09:00:00,Cardones220,29.76
2026-01-07 09:00:00,Ancoa220,71.45
2026-01-07 10:00:00,Crucero220,58.83
2026-01-07 10:00:00,Charrua220,70.87
2026-01-07 10:00:00,Alto Jahuel220,57.04
2026-01-07 10:00:00,Cardones220,50.81
2026-01-07 10:00:00,Ancoa220,58.1
2026-01-07 11:00:00,Crucero220,46.62
2026-01-07 11:00:00,Charrua220,51.25
2026-01-07 11:00:00,Alto Jahuel220,58.18
2026-01-07 11:00:00,Cardones220,40.48
2026-01-07 11:00:00,Ancoa220,47.58
2026-01-07 12:00:00,Crucero220,44.59
2026-01-07 12:00:00,Charrua220,59.36
2026-01-07 12:00:00,Alto Jahuel220,69.38
2026-01-07 12:00:00,Cardones220,47.15
2026-01-07 12:00:00,Ancoa220,58.09
2026-01-07 13:00:00,Crucero220,46.99
2026-01-07 13:00:00,Charrua220,60.35
2026-01-07 13:00:00,Alto Jahuel220,53.38
2026-01-07 13:00:00,Cardones220,31.34
2026-01-07 13:00:00,Ancoa220,56.79
2026-01-07 14:00:00,Crucero220,39.03
2026-01-07 14:00:00,Charrua220,50.0
2026-01-07 14:00:00,Alto Jahuel220,59.09
2026-01-07 14:00:00,Cardones220,43.13
2026-01-07 14:00:00,Ancoa220,43.71
2026-01-07 15:00:00,Crucero220,44.02
2026-01-07 15:00:00,Charrua220,67.97
2026-01-07 15:00:00,Alto Jahuel220,63.47
2026-01-07 15:00:00,Cardones220,48.21
2026-01-07 15:00:00,Ancoa220,58.31
2026-01-07 16:00:00,Crucero220,38.24
2026-01-07 16:00:00,Charrua220,51.33
2026-01-07 16:00:00,Alto Jahuel220,57.76
2026-01-07 16:00:00,Cardones220,43.03
2026-01-07 16:00:00,Ancoa220,68.3
2026-01-07 17:00:00,Crucero220,53.8
2026-01-07 17:00:00,Charrua220,58.94
2026-01-07 17:00:00,Alto Jahuel220,45.05
2026-01-07 17:00:00,Cardones220,37.45
2026-01-07 17:00:00,Ancoa220,59.74
2026-01-07 18:00:00,Crucero220,43.38
2026-01-07 18:00:00,Charrua220,55.38
2026-01-07 18:00:00,Alto Jahuel220,57.02
2026-01-07 18:00:00,Cardones220,35.97
2026-01-07 18:00:00,Ancoa220,52.98
2026-01-07 19:00:00,Crucero220,47.49
2026-01-07 19:00:00,Charrua220,56.78
2026-01-07 19:00:00,Alto Jahuel220,56.95
2026-01-07 19:00:00,Cardones220,42.19
2026-01-07 19:00:00,Ancoa220,48.88
2026-01-07 20:00:00,Crucero220,41.15
2026-01-07 20:00:00,Charrua220,71.5
2026-01-07 20:00:00,Alto Jahuel220,45.7
2026-01-07 20:00:00,Cardones220,23.07
2026-01-07 20:00:00,Ancoa220,43.11
2026-01-07 21:00:00,Crucero220,45.23
2026-01-07 21:00:00,Charrua220,60.25
2026-01-07 21:00:00,Alto Jahuel220,54.06
2026-01-07 21:00:00,Cardones220,49.71
2026-01-07 21:00:00,Ancoa220,36.62
2026-01-07 22:00:00,Crucero220,48.17
2026-01-07 22:00:00,Charrua220,72.49
2026-01-07 22:00:00,Alto Jahuel220,45.98
2026-01-07 22:00:00,Cardones220,36.96
2026-01-07 22:00:00,Ancoa220,51.98
2026-01-07 23:00:00,Crucero220,37.85
2026-01-07 23:00:00,Charrua220,57.39
2026-01-07 23:00:00,Alto Jahuel220,66.42
2026-01-07 23:00:00,Cardones220,54.7
2026-01-07 23:00:00,Ancoa220,55.31
2026-01-08 00:00:00,Crucero220,60.24
2026-01-08 00:00:00,Charrua220,60.28
2026-01-08 00:00:00,Alto Jahuel220,69.03
2026-01-08 00:00:00,Cardones220,39.25
2026-01-08 00:00:00,Ancoa220,59.05
2026-01-08 01:00:00,Crucero220,47.92
2026-01-08 01:00:00,Charrua220,85.43
2026-01-08 01:00:00,Alto Jahuel220,61.81
2026-01-08 01:00:00,Cardones220,34.34
2026-01-08 01:00:00,Ancoa220,65.75
2026-01-08 02:00:00,Crucero220,42.11
2026-01-08 02:00:00,Charrua220,56.08
2026-01-08 02:00:00,Alto Jahuel220,62.27
2026-01-08 02:00:00,Cardones220,40.25
2026-01-08 02:00:00,Ancoa220,60.23
2026-01-08 03:00:00,Crucero220,45.11
2026-01-08 03:00:00,Charrua220,62.69
2026-01-08 03:00:00,Alto Jahuel220,58.4
2026-01-08 03:00:00,Cardones220,24.5
2026-01-08 03:00:00,Ancoa220,63.33
2026-01-08 04:00:00,Crucero220,37.14
2026-01-08 04:00:00,Charrua220,48.46
2026-01-08 04:00:00,Alto Jahuel220,54.53
2026-01-08 04:00:00,Cardones220,40.67
2026-01-08 04:00:00,Ancoa220,52.45
2026-01-08 05:00:00,Crucero220,51.65
2026-01-08 05:00:00,Charrua220,49.26
2026-01-08 05:00:00,Alto Jahuel220,51.74
2026-01-08 05:00:00,Cardones220,35.32
2026-01-08 05:00:00,Ancoa220,57.63
2026-01-08 06:00:00,Crucero220,47.23
2026-01-08 06:00:00,Charrua220,51.94
2026-01-08 06:00:00,Alto Jahuel220,60.79
2026-01-08 06:00:00,Cardones220,40.5
2026-01-08 06:00:00,Ancoa220,42.86
2026-01-08 07:00:00,Crucero220,29.33
2026-01-08 07:00:00,Charrua220,59.9
2026-01-08 07:00:00,Alto Jahuel220,53.23
2026-01-08 07:00:00,Cardones220,39.17
2026-01-08 07:00:00,Ancoa220,57.78
2026-01-08 08:00:00,Crucero220,46.8
2026-01-08 08:00:00,Charrua220,67.58
2026-01-08 08:00:00,Alto Jahuel220,46.11
2026-01-08 08:00:00,Cardones220,30.62
2026-01-08 08:00:00,Ancoa220,49.25
2026-01-08 09:00:00,Crucero220,47.31
2026-01-08 09:00:00,Charrua220,69.96
2026-01-08 09:00:00,Alto Jahuel220,51.55
2026-01-08 09:00:00,Cardones220,19.99
2026-01-08 09:00:00,Ancoa220,44.37
2026-01-08 10:00:00,Crucero220,38.34
2026-01-08 10:00:00,Charrua220,55.54
2026-01-08 10:00:00,Alto Jahuel220,51.73
2026-01-08 10:00:00,Cardones220,40.31
2026-01-08 10:00:00,Ancoa220,55.51
2026-01-08 11:00:00,Crucero220,53.39
2026-01-08 11:00:00,Charrua220,54.59
2026-01-08 11:00:00,Alto Jahuel220,48.1
2026-01-08 11:00:00,Cardones220,43.83
2026-01-08 11:00:00,Ancoa220,45.71
2026-01-08 12:00:00,Crucero220,48.12
2026-01-08 12:00:00,Charrua220,60.82
2026-01-08 12:00:00,Alto Jahuel220,53.82
2026-01-08 12:00:00,Cardones220,52.71
2026-01-08 12:00:00,Ancoa220,53.02
2026-01-08 13:00:00,Crucero220,61.48
2026-01-08 13:00:00,Charrua220,58.2
2026-01-08 13:00:00,Alto Jahuel220,44.78
2026-01-08 13:00:00,Cardones220,40.56
2026-01-08 13:00:00,Ancoa220,49.39
2026-01-08 14:00:00,Crucero220,38.99
2026-01-08 14:00:00,Charrua220,63.18
2026-01-08 14:00:00,Alto Jahuel220,59.44
2026-01-08 14:00:00,Cardones220,35.02
2026-01-08 14:00:00,Ancoa220,65.9
2026-01-08 15:00:00,Crucero220,54.26
2026-01-08 15:00:00,Charrua220,71.49
2026-01-08 15:00:00,Alto Jahuel220,59.24
2026-01-08 15:00:00,Cardones220,50.91
2026-01-08 15:00:00,Ancoa220,42.95
2026-01-08 16:00:00,Crucero220,42.46
2026-01-08 16:00:00,Charrua220,53.06
2026-01-08 16:00:00,Alto Jahuel220,55.95
2026-01-08 16:00:00,Cardones220,35.43
2026-01-08 16:00:00,Ancoa220,56.67
2026-01-08 17:00:00,Crucero220,60.06
2026-01-08 17:00:00,Charrua220,58.64
2026-01-08 17:00:00,Alto Jahuel220,58.31
2026-01-08 17:00:00,Cardones220,38.14
2026-01-08 17:00:00,Ancoa220,58.61
2026-01-08 18:00:00,Crucero220,45.05
2026-01-08 18:00:00,Charrua220,63.59
2026-01-08 18:00:00,Alto Jahuel220,64.32
2026-01-08 18:00:00,Cardones220,53.18
2026-01-08 18:00:00,Ancoa220,60.48
2026-01-08 19:00:00,Crucero220,49.72
2026-01-08 19:00:00,Charrua220,50.79
2026-01-08 19:00:00,Alto Jahuel220,54.3
2026-01-08 19:00:00,Cardones220,47.52
2026-01-08 19:00:00,Ancoa220,64.93
2026-01-08 20:00:00,Crucero220,46.69
2026-01-08 20:00:00,Charrua220,67.09
2026-01-08 20:00:00,Alto Jahuel220,58.93
2026-01-08 20:00:00,Cardones220,49.6
2026-01-08 20:00:00,Ancoa220,60.31
2026-01-08 21:00:00,Crucero220,42.15
2026-01-08 21:00:00,Charrua220,62.69
2026-01-08 21:00:00,Alto Jahuel220,31.56
2026-01-08 21:00:00,Cardones220,43.06
2026-01-08 21:00:00,Ancoa220,28.81
2026-01-08 22:00:00,Crucero220,31.21
2026-01-08 22:00:00,Charrua220,63.61
2026-01-08 22:00:00,Alto Jahuel220,58.82
2026-01-08 22:00:00,Cardones220,30.7
2026-01-08 22:00:00,Ancoa220,52.3
2026-01-08 23:00:00,Crucero220,55.96
2026-01-08 23:00:00,Charrua220,56.13
2026-01-08 23:00:00,Alto Jahuel220,72.94
2026-01-08 23:00:00,Cardones220,39.98
2026-01-08 23:00:00,Ancoa220,61.26
2026-01-09 00:00:00,Crucero220,57.93
2026-01-09 00:00:00,Charrua220,61.05
2026-01-09 00:00:00,Alto Jahuel220,46.98
2026-01-09 00:00:00,Cardones220,39.12
2026-01-09 00:00:00,Ancoa220,57.72
2026-01-09 01:00:00,Crucero220,34.08
2026-01-09 01:00:00,Charrua220,57.95
2026-01-09 01:00:00,Alto Jahuel220,49.06
2026-01-09 01:00:00,Cardones220,47.39
2026-01-09 01:00:00,Ancoa220,58.28
2026-01-09 02:00:00,Crucero220,42.74
2026-01-09 02:00:00,Charrua220,59.15
2026-01-09 02:00:00,Alto Jahuel220,56.78
2026-01-09 02:00:00,Cardones220,44.93
2026-01-09 02:00:00,Ancoa220,50.0
2026-01-09 03:00:00,Crucero220,36.67
2026-01-09 03:00:00,Charrua220,68.84
2026-01-09 03:00:00,Alto Jahuel220,51.7
2026-01-09 03:00:00,Cardones220,28.67
2026-01-09 03:00:00,Ancoa220,61.55
2026-01-09 04:00:00,Crucero220,48.71
2026-01-09 04:00:00,Charrua220,47.75
2026-01-09 04:00:00,Alto Jahuel220,56.84
2026-01-09 04:00:00,Cardones220,45.88
2026-01-09 04:00:00,Ancoa220,61.0
2026-01-09 05:00:00,Crucero220,50.06
2026-01-09 05:00:00,Charrua220,48.77
2026-01-09 05:00:00,Alto Jahuel220,57.65
2026-01-09 05:00:00,Cardones220,37.58
2026-01-09 05:00:00,Ancoa220,54.14
2026-01-09 06:00:00,Crucero220,51.96
2026-01-09 06:00:00,Charrua220,71.83
2026-01-09 06:00:00,Alto Jahuel220,69.35
2026-01-09 06:00:00,Cardones220,50.52
2026-01-09 06:00:00,Ancoa220,57.12
2026-01-09 07:00:00,Crucero220,47.82
2026-01-09 07:00:00,Charrua220,66.13
2026-01-09 07:00:00,Alto Jahuel220,55.97
2026-01-09 07:00:00,Cardones220,41.05
2026-01-09 07:00:00,Ancoa220,64.59
2026-01-09 08:00:00,Crucero220,44.53
2026-01-09 08:00:00,Charrua220,54.17
2026-01-09 08:00:00,Alto Jahuel220,51.68
2026-01-09 08:00:00,Cardones220,45.07
2026-01-09 08:00:00,Ancoa220,58.02
2026-01-09 09:00:00,Crucero220,47.72
2026-01-09 09:00:00,Charrua220,65.36
2026-01-09 09:00:00,Alto Jahuel220,52.0
2026-01-09 09:00:00,Cardones220,46.05
2026-01-09 09:00:00,Ancoa220,61.03
2026-01-09 10:00:00,Crucero220,35.12
2026-01-09 10:00:00,Charrua220,71.54
2026-01-09 10:00:00,Alto Jahuel220,50.99
2026-01-09 10:00:00,Cardones220,26.76
2026-01-09 10:00:00,Ancoa220,49.64
2026-01-09 11:00:00,Crucero220,36.83
2026-01-09 11:00:00,Charrua220,60.42
2026-01-09 11:00:00,Alto Jahuel220,52.81
2026-01-09 11:00:00,Cardones220,37.31
2026-01-09 11:00:00,Ancoa220,62.96
2026-01-09 12:00:00,Crucero220,47.72
2026-01-09 12:00:00,Charrua220,62.53
2026-01-09 12:00:00,Alto Jahuel220,58.28
2026-01-09 12:00:00,Cardones220,44.93
2026-01-09 12:00:00,Ancoa220,41.14
2026-01-09 13:00:00,Crucero220,42.08
2026-01-09 13:00:00,Charrua220,42.56
2026-01-09 13:00:00,Alto Jahuel220,55.29
2026-01-09 13:00:00,Cardones220,39.96
2026-01-09 13:00:00,Ancoa220,66.36
2026-01-09 14:00:00,Crucero220,54.5
2026-01-09 14:00:00,Charrua220,61.62
2026-01-09 14:00:00,Alto Jahuel220,51.0
2026-01-09 14:00:00,Cardones220,43.88
2026-01-09 14:00:00,Ancoa220,53.78
2026-01-09 15:00:00,Crucero220,44.99
2026-01-09 15:00:00,Charrua220,67.89
2026-01-09 15:00:00,Alto Jahuel220,50.54
2026-01-09 15:00:00,Cardones220,46.45
2026-01-09 15:00:00,Ancoa220,63.42
2026-01-09 16:00:00,Crucero220,37.36
2026-01-09 16:00:00,Charrua220,67.79
2026-01-09 16:00:00,Alto Jahuel220,60.59
2026-01-09 16:00:00,Cardones220,40.82
2026-01-09 16:00:00,Ancoa220,51.9
2026-01-09 17:00:00,Crucero220,38.13
2026-01-09 17:00:00,Charrua220,55.7
2026-01-09 17:00:00,Alto Jahuel220,59.34
2026-01-09 17:00:00,Cardones220,32.35
2026-01-09 17:00:00,Ancoa220,61.5
2026-01-09 18:00:00,Crucero220,35.07
2026-01-09 18:00:00,Charrua220,58.37
2026-01-09 18:00:00,Alto Jahuel220,55.88
2026-01-09 18:00:00,Cardones220,59.56
2026-01-09 18:00:00,Ancoa220,46.98
2026-01-09 19:00:00,Crucero220,56.78
2026-01-09 19:00:00,Charrua220,61.2
2026-01-09 19:00:00,Alto Jahuel220,58.29
2026-01-09 19:00:00,Cardones220,40.95
2026-01-09 19:00:00,Ancoa220,61.56
2026-01-09 20:00:00,Crucero220,43.77
2026-01-09 20:00:00,Charrua220,71.63
2026-01-09 20:00:00,Alto Jahuel220,51.35
2026-01-09 20:00:00,Cardones220,49.06
2026-01-09 20:00:00,Ancoa220,52.85
2026-01-09 21:00:00,Crucero220,44.52
2026-01-09 21:00:00,Charrua220,51.42
2026-01-09 21:00:00,Alto Jahuel220,58.64
2026-01-09 21:00:00,Cardones220,51.56
2026-01-09 21:00:00,Ancoa220,57.38
2026-01-09 22:00:00,Crucero220,43.42
2026-01-09 22:00:00,Charrua220,51.08
2026-01-09 22:00:00,Alto Jahuel220,53.17
2026-01-09 22:00:00,Cardones220,27.26
2026-01-09 22:00:00,Ancoa220,50.7
2026-01-09 23:00:00,Crucero220,46.81
2026-01-09 23:00:00,Charrua220,70.55
2026-01-09 23:00:00,Alto Jahuel220,77.47
2026-01-09 23:00:00,Cardones220,35.31
2026-01-09 23:00:00,Ancoa220,69.48
2026-01-10 00:00:00,Crucero220,46.95
2026-01-10 00:00:00,Charrua220,58.79
2026-01-10 00:00:00,Alto Jahuel220,58.46
2026-01-10 00:00:00,Cardones220,40.5
2026-01-10 00:00:00,Ancoa220,58.88
2026-01-10 01:00:00,Crucero220,41.73
2026-01-10 01:00:00,Charrua220,48.82
2026-01-10 01:00:00,Alto Jahuel220,42.65
2026-01-10 01:00:00,Cardones220,45.23
2026-01-10 01:00:00,Ancoa220,55.79
2026-01-10 02:00:00,Crucero220,40.23
2026-01-10 02:00:00,Charrua220,60.07
2026-01-10 02:00:00,Alto Jahuel220,61.36
2026-01-10 02:00:00,Cardones220,41.44
2026-01-10 02:00:00,Ancoa220,52.75
2026-01-10 03:00:00,Crucero220,54.81
2026-01-10 03:00:00,Charrua220,72.63
2026-01-10 03:00:00,Alto Jahuel220,58.96
2026-01-10 03:00:00,Cardones220,47.79
2026-01-10 03:00:00,Ancoa220,67.94
2026-01-10 04:00:00,Crucero220,54.04
2026-01-10 04:00:00,Charrua220,64.91
2026-01-10 04:00:00,Alto Jahuel220,59.79
2026-01-10 04:00:00,Cardones220,44.16
2026-01-10 04:00:00,Ancoa220,49.22
2026-01-10 05:00:00,Crucero220,50.61
2026-01-10 05:00:00,Charrua220,49.15
2026-01-10 05:00:00,Alto Jahuel220,48.64
2026-01-10 05:00:00,Cardones220,50.43
2026-01-10 05:00:00,Ancoa220,64.72
2026-01-10 06:00:00,Crucero220,56.9
2026-01-10 06:00:00,Charrua220,57.83
2026-01-10 06:00:00,Alto Jahuel220,45.78
2026-01-10 06:00:00,Cardones220,38.08
2026-01-10 06:00:00,Ancoa220,58.82
2026-01-10 07:00:00,Crucero220,45.63
2026-01-10 07:00:00,Charrua220,69.07
2026-01-10 07:00:00,Alto Jahuel220,52.11
2026-01-10 07:00:00,Cardones220,42.82
2026-01-10 07:00:00,Ancoa220,50.09
2026-01-10 08:00:00,Crucero220,48.6
2026-01-10 08:00:00,Charrua220,60.02
2026-01-10 08:00:00,Alto Jahuel220,49.0
2026-01-10 08:00:00,Cardones220,38.11
2026-01-10 08:00:00,Ancoa220,56.53
2026-01-10 09:00:00,Crucero220,42.84
2026-01-10 09:00:00,Charrua220,74.17
2026-01-10 09:00:00,Alto Jahuel220,54.21
2026-01-10 09:00:00,Cardones220,38.05
2026-01-10 09:00:00,Ancoa220,41.22
2026-01-10 10:00:00,Crucero220,37.85
2026-01-10 10:00:00,Charrua220,57.9
2026-01-10 10:00:00,Alto Jahuel220,49.51
2026-01-10 10:00:00,Cardones220,51.05
2026-01-10 10:00:00,Ancoa220,56.68
2026-01-10 11:00:00,Crucero220,55.31
2026-01-10 11:00:00,Charrua220,60.49
2026-01-10 11:00:00,Alto Jahuel220,55.3
2026-01-10 11:00:00,Cardones220,39.29
2026-01-10 11:00:00,Ancoa220,58.03
2026-01-10 12:00:00,Crucero220,58.75
2026-01-10 12:00:00,Charrua220,41.44
2026-01-10 12:00:00,Alto Jahuel220,38.99
2026-01-10 12:00:00,Cardones220,35.65
2026-01-10 12:00:00,Ancoa220,58.12
2026-01-10 13:00:00,Crucero220,50.52
2026-01-10 13:00:00,Charrua220,63.78
2026-01-10 13:00:00,Alto Jahuel220,51.93
2026-01-10 13:00:00,Cardones220,48.15
2026-01-10 13:00:00,Ancoa220,66.24
2026-01-10 14:00:00,Crucero220,46.47
2026-01-10 14:00:00,Charrua220,67.7
2026-01-10 14:00:00,Alto Jahuel220,57.18
2026-01-10 14:00:00,Cardones220,35.51
2026-01-10 14:00:00,Ancoa220,63.58
2026-01-10 15:00:00,Crucero220,45.88
2026-01-10 15:00:00,Charrua220,60.01
2026-01-10 15:00:00,Alto Jahuel220,66.78
2026-01-10 15:00:00,Cardones220,20.39
2026-01-10 15:00:00,Ancoa220,46.66
2026-01-10 16:00:00,Crucero220,35.5
2026-01-10 16:00:00,Charrua220,57.09
2026-01-10 16:00:00,Alto Jahuel220,52.96
2026-01-10 16:00:00,Cardones220,27.94
2026-01-10 16:00:00,Ancoa220,50.12
2026-01-10 17:00:00,Crucero220,38.11
2026-01-10 17:00:00,Charrua220,79.66
2026-01-10 17:00:00,Alto Jahuel220,69.41
2026-01-10 17:00:00,Cardones220,36.71
2026-01-10 17:00:00,Ancoa220,55.09
2026-01-10 18:00:00,Crucero220,35.81
2026-01-10 18:00:00,Charrua220,44.73
2026-01-10 18:00:00,Alto Jahuel220,54.06
2026-01-10 18:00:00,Cardones220,32.02
2026-01-10 18:00:00,Ancoa220,57.32
2026-01-10 19:00:00,Crucero220,32.2
2026-01-10 19:00:00,Charrua220,53.9
2026-01-10 19:00:00,Alto Jahuel220,56.19
2026-01-10 19:00:00,Cardones220,42.93
2026-01-10 19:00:00,Ancoa220,61.34
2026-01-10 20:00:00,Crucero220,34.44
2026-01-10 20:00:00,Charrua220,66.84
2026-01-10 20:00:00,Alto Jahuel220,48.6
2026-01-10 20:00:00,Cardones220,45.06
2026-01-10 20:00:00,Ancoa220,57.91
2026-01-10 21:00:00,Crucero220,33.99
2026-01-10 21:00:00,Charrua220,57.47
2026-01-10 21:00:00,Alto Jahuel220,57.92
2026-01-10 21:00:00,Cardones220,44.9
2026-01-10 21:00:00,Ancoa220,56.87
2026-01-10 22:00:00,Crucero220,57.25
2026-01-10 22:00:00,Charrua220,68.06
2026-01-10 22:00:00,Alto Jahuel220,52.95
2026-01-10 22:00:00,Cardones220,46.0
2026-01-10 22:00:00,Ancoa220,73.47
2026-01-10 23:00:00,Crucero220,60.68
2026-01-10 23:00:00,Charrua220,50.18
2026-01-10 23:00:00,Alto Jahuel220,47.59
2026-01-10 23:00:00,Cardones220,51.88
2026-01-10 23:00:00,Ancoa220,49.53
2026-01-11 00:00:00,Crucero220,34.42
2026-01-11 00:00:00,Charrua220,56.11
2026-01-11 00:00:00,Alto Jahuel220,58.36
2026-01-11 00:00:00,Cardones220,39.18
2026-01-11 00:00:00,Ancoa220,52.8
2026-01-11 01:00:00,Crucero220,39.61
2026-01-11 01:00:00,Charrua220,54.3
2026-01-11 01:00:00,Alto Jahuel220,47.96
2026-01-11 01:00:00,Cardones220,58.25
2026-01-11 01:00:00,Ancoa220,60.38
2026-01-11 02:00:00,Crucero220,52.09
2026-01-11 02:00:00,Charrua220,56.09
2026-01-11 02:00:00,Alto Jahuel220,53.51
2026-01-11 02:00:00,Cardones220,34.29
2026-01-11 02:00:00,Ancoa220,36.79
2026-01-11 03:00:00,Crucero220,33.98
2026-01-11 03:00:00,Charrua220,45.52
2026-01-11 03:00:00,Alto Jahuel220,37.0
2026-01-11 03:00:00,Cardones220,30.44
2026-01-11 03:00:00,Ancoa220,68.6
2026-01-11 04:00:00,Crucero220,44.64
2026-01-11 04:00:00,Charrua220,70.32
2026-01-11 04:00:00,Alto Jahuel220,58.29
2026-01-11 04:00:00,Cardones220,46.26
2026-01-11 04:00:00,Ancoa220,50.79
2026-01-11 05:00:00,Crucero220,49.19
2026-01-11 05:00:00,Charrua220,65.83
2026-01-11 05:00:00,Alto Jahuel220,50.39
2026-01-11 05:00:00,Cardones220,44.48
2026-01-11 05:00:00,Ancoa220,62.53
2026-01-11 06:00:00,Crucero220,40.6
2026-01-11 06:00:00,Charrua220,51.02
2026-01-11 06:00:00,Alto Jahuel220,45.53
2026-01-11 06:00:00,Cardones220,40.69
2026-01-11 06:00:00,Ancoa220,60.62
2026-01-11 07:00:00,Crucero220,38.66
2026-01-11 07:00:00,Charrua220,60.21
2026-01-11 07:00:00,Alto Jahuel220,59.56
2026-01-11 07:00:00,Cardones220,44.95
2026-01-11 07:00:00,Ancoa220,70.42
2026-01-11 08:00:00,Crucero220,55.22
2026-01-11 08:00:00,Charrua220,51.99
2026-01-11 08:00:00,Alto Jahuel220,68.47
2026-01-11 08:00:00,Cardones220,35.75
2026-01-11 08:00:00,Ancoa220,66.36
2026-01-11 09:00:00,Crucero220,45.54
2026-01-11 09:00:00,Charrua220,56.7
2026-01-11 09:00:00,Alto Jahuel220,40.54
2026-01-11 09:00:00,Cardones220,38.63
2026-01-11 09:00:00,Ancoa220,45.52
2026-01-11 10:00:00,Crucero220,52.74
2026-01-11 10:00:00,Charrua220,72.13
2026-01-11 10:00:00,Alto Jahuel220,48.62
2026-01-11 10:00:00,Cardones220,42.42
2026-01-11 10:00:00,Ancoa220,52.2
2026-01-11 11:00:00,Crucero220,39.97
2026-01-11 11:00:00,Charrua220,66.2
2026-01-11 11:00:00,Alto Jahuel220,54.69
2026-01-11 11:00:00,Cardones220,53.92
2026-01-11 11:00:00,Ancoa220,54.14
2026-01-11 12:00:00,Crucero220,52.99
2026-01-11 12:00:00,Charrua220,60.78
2026-01-11 12:00:00,Alto Jahuel220,61.37
2026-01-11 12:00:00,Cardones220,36.42
2026-01-11 12:00:00,Ancoa220,57.6
2026-01-11 13:00:00,Crucero220,44.08
2026-01-11 13:00:00,Charrua220,53.31
2026-01-11 13:00:00,Alto Jahuel220,60.3
2026-01-11 13:00:00,Cardones220,45.2
2026-01-11 13:00:00,Ancoa220,62.75
2026-01-11 14:00:00,Crucero220,57.3
2026-01-11 14:00:00,Charrua220,71.59
2026-01-11 14:00:00,Alto Jahuel220,52.0
2026-01-11 14:00:00,Cardones220,42.98
2026-01-11 14:00:00,Ancoa220,53.01
2026-01-11 15:00:00,Crucero220,45.19
2026-01-11 15:00:00,Charrua220,55.2
2026-01-11 15:00:00,Alto Jahuel220,67.96
2026-01-11 15:00:00,Cardones220,42.91
2026-01-11 15:00:00,Ancoa220,56.26
2026-01-11 16:00:00,Crucero220,54.55
2026-01-11 16:00:00,Charrua220,42.64
2026-01-11 16:00:00,Alto Jahuel220,38.89
2026-01-11 16:00:00,Cardones220,46.37
2026-01-11 16:00:00,Ancoa220,58.48
2026-01-11 17:00:00,Crucero220,47.0
2026-01-11 17:00:00,Charrua220,49.39
2026-01-11 17:00:00,Alto Jahuel220,54.81
2026-01-11 17:00:00,Cardones220,56.03
2026-01-11 17:00:00,Ancoa220,64.59
2026-01-11 18:00:00,Crucero220,46.36
2026-01-11 18:00:00,Charrua220,56.49
2026-01-11 18:00:00,Alto Jahuel220,51.84
2026-01-11 18:00:00,Cardones220,22.97
2026-01-11 18:00:00,Ancoa220,60.06
2026-01-11 19:00:00,Crucero220,51.76
2026-01-11 19:00:00,Charrua220,47.4
2026-01-11 19:00:00,Alto Jahuel220,49.71
2026-01-11 19:00:00,Cardones220,30.74
2026-01-11 19:00:00,Ancoa220,50.28
2026-01-11 20:00:00,Crucero220,45.43
2026-01-11 20:00:00,Charrua220,43.32
2026-01-11 20:00:00,Alto Jahuel220,59.91
2026-01-11 20:00:00,Cardones220,46.03
2026-01-11 20:00:00,Ancoa220,55.99
2026-01-11 21:00:00,Crucero220,25.15
2026-01-11 21:00:00,Charrua220,52.03
2026-01-11 21:00:00,Alto Jahuel220,64.86
2026-01-11 21:00:00,Cardones220,17.78
2026-01-11 21:00:00,Ancoa220,55.22
2026-01-11 22:00:00,Crucero220,35.56
2026-01-11 22:00:00,Charrua220,66.44
2026-01-11 22:00:00,Alto Jahuel220,49.6
2026-01-11 22:00:00,Cardones220,43.23
2026-01-11 22:00:00,Ancoa220,62.52
2026-01-11 23:00:00,Crucero220,59.69
2026-01-11 23:00:00,Charrua220,58.38
2026-01-11 23:00:00,Alto Jahuel220,58.01
2026-01-11 23:00:00,Cardones220,28.12
2026-01-11 23:00:00,Ancoa220,67.52
2026-01-12 00:00:00,Crucero220,38.92
2026-01-12 00:00:00,Charrua220,55.51
2026-01-12 00:00:00,Alto Jahuel220,54.82
2026-01-12 00:00:00,Cardones220,27.5
2026-01-12 00:00:00,Ancoa220,59.83
2026-01-12 01:00:00,Crucero220,52.74
2026-01-12 01:00:00,Charrua220,62.34
2026-01-12 01:00:00,Alto Jahuel220,42.29
2026-01-12 01:00:00,Cardones220,39.01
2026-01-12 01:00:00,Ancoa220,63.94
2026-01-12 02:00:00,Crucero220,29.98
2026-01-12 02:00:00,Charrua220,51.4
2026-01-12 02:00:00,Alto Jahuel220,62.01
2026-01-12 02:00:00,Cardones220,42.16
2026-01-12 02:00:00,Ancoa220,61.3
2026-01-12 03:00:00,Crucero220,59.88
2026-01-12 03:00:00,Charrua220,63.75
2026-01-12 03:00:00,Alto Jahuel220,60.26
2026-01-12 03:00:00,Cardones220,61.69
2026-01-12 03:00:00,Ancoa220,56.29
2026-01-12 04:00:00,Crucero220,38.62
2026-01-12 04:00:00,Charrua220,63.42
2026-01-12 04:00:00,Alto Jahuel220,58.51
2026-01-12 04:00:00,Cardones220,35.79
2026-01-12 04:00:00,Ancoa220,49.74
2026-01-12 05:00:00,Crucero220,63.48
2026-01-12 05:00:00,Charrua220,62.61
2026-01-12 05:00:00,Alto Jahuel220,49.14
2026-01-12 05:00:00,Cardones220,47.33
2026-01-12 05:00:00,Ancoa220,57.13
2026-01-12 06:00:00,Crucero220,42.98
2026-01-12 06:00:00,Charrua220,64.5
2026-01-12 06:00:00,Alto Jahuel220,44.66
2026-01-12 06:00:00,Cardones220,42.82
2026-01-12 06:00:00,Ancoa220,73.3
2026-01-12 07:00:00,Crucero220,48.73
2026-01-12 07:00:00,Charrua220,56.99
2026-01-12 07:00:00,Alto Jahuel220,50.94
2026-01-12 07:00:00,Cardones220,36.72
2026-01-12 07:00:00,Ancoa220,55.97
2026-01-12 08:00:00,Crucero220,41.98
2026-01-12 08:00:00,Charrua220,67.33
2026-01-12 08:00:00,Alto Jahuel220,41.13
2026-01-12 08:00:00,Cardones220,46.9
2026-01-12 08:00:00,Ancoa220,54.96
2026-01-12 09:00:00,Crucero220,48.02
2026-01-12 09:00:00,Charrua220,50.98
2026-01-12 09:00:00,Alto Jahuel220,65.63
2026-01-12 09:00:00,Cardones220,49.97
2026-01-12 09:00:00,Ancoa220,65.68
2026-01-12 10:00:00,Crucero220,32.88
2026-01-12 10:00:00,Charrua220,66.63
2026-01-12 10:00:00,Alto Jahuel220,58.24
2026-01-12 10:00:00,Cardones220,27.16
2026-01-12 10:00:00,Ancoa220,57.81
2026-01-12 11:00:00,Crucero220,47.92
2026-01-12 11:00:00,Charrua220,64.45
2026-01-12 11:00:00,Alto Jahuel220,56.42
2026-01-12 11:00:00,Cardones220,42.33
2026-01-12 11:00:00,Ancoa220,69.79
2026-01-12 12:00:00,Crucero220,54.81
2026-01-12 12:00:00,Charrua220,37.06
2026-01-12 12:00:00,Alto Jahuel220,52.46
2026-01-12 12:00:00,Cardones220,38.68
2026-01-12 12:00:00,Ancoa220,43.98
2026-01-12 13:00:00,Crucero220,45.75
2026-01-12 13:00:00,Charrua220,69.99
2026-01-12 13:00:00,Alto Jahuel220,46.31
2026-01-12 13:00:00,Cardones220,42.69
2026-01-12 13:00:00,Ancoa220,50.67
2026-01-12 14:00:00,Crucero220,39.62
2026-01-12 14:00:00,Charrua220,71.82
2026-01-12 14:00:00,Alto Jahuel220,50.66
2026-01-12 14:00:00,Cardones220,43.7
2026-01-12 14:00:00,Ancoa220,43.03
2026-01-12 15:00:00,Crucero220,59.9
2026-01-12 15:00:00,Charrua220,64.82
2026-01-12 15:00:00,Alto Jahuel220,53.54
2026-01-12 15:00:00,Cardones220,44.6
2026-01-12 15:00:00,Ancoa220,46.72
2026-01-12 16:00:00,Crucero220,54.46
2026-01-12 16:00:00,Charrua220,57.41
2026-01-12 16:00:00,Alto Jahuel220,53.37
2026-01-12 16:00:00,Cardones220,36.07
2026-01-12 16:00:00,Ancoa220,53.35
2026-01-12 17:00:00,Crucero220,50.56
2026-01-12 17:00:00,Charrua220,62.05
2026-01-12 17:00:00,Alto Jahuel220,60.21
2026-01-12 17:00:00,Cardones220,39.93
2026-01-12 17:00:00,Ancoa220,62.11
2026-01-12 18:00:00,Crucero220,41.65
2026-01-12 18:00:00,Charrua220,77.84
2026-01-12 18:00:00,Alto Jahuel220,42.46
2026-01-12 18:00:00,Cardones220,50.09
2026-01-12 18:00:00,Ancoa220,68.94
2026-01-12 19:00:00,Crucero220,38.18
2026-01-12 19:00:00,Charrua220,77.83
2026-01-12 19:00:00,Alto Jahuel220,62.96
2026-01-12 19:00:00,Cardones220,47.77
2026-01-12 19:00:00,Ancoa220,58.22
2026-01-12 20:00:00,Crucero220,43.26
2026-01-12 20:00:00,Charrua220,58.32
2026-01-12 20:00:00,Alto Jahuel220,58.12
2026-01-12 20:00:00,Cardones220,51.21
2026-01-12 20:00:00,Ancoa220,59.45
2026-01-12 21:00:00,Crucero220,37.71
2026-01-12 21:00:00,Charrua220,66.6
2026-01-12 21:00:00,Alto Jahuel220,62.37
2026-01-12 21:00:00,Cardones220,45.24
2026-01-12 21:00:00,Ancoa220,63.96
2026-01-12 22:00:00,Crucero220,42.83
2026-01-12 22:00:00,Charrua220,52.57
2026-01-12 22:00:00,Alto Jahuel220,48.05
2026-01-12 22:00:00,Cardones220,26.92
2026-01-12 22:00:00,Ancoa220,59.9
2026-01-12 23:00:00,Crucero220,44.33
2026-01-12 23:00:00,Charrua220,56.48
2026-01-12 23:00:00,Alto Jahuel220,31.36
2026-01-12 23:00:00,Cardones220,30.02
2026-01-12 23:00:00,Ancoa220,66.97
2026-01-13 00:00:00,Crucero220,39.68
2026-01-13 00:00:00,Charrua220,62.88
2026-01-13 00:00:00,Alto Jahuel220,43.87
2026-01-13 00:00:00,Cardones220,51.51
2026-01-13 00:00:00,Ancoa220,56.85
2026-01-13 01:00:00,Crucero220,47.32
2026-01-13 01:00:00,Charrua220,78.61
2026-01-13 01:00:00,Alto Jahuel220,67.13
2026-01-13 01:00:00,Cardones220,37.55
2026-01-13 01:00:00,Ancoa220,53.25
2026-01-13 02:00:00,Crucero220,42.4
2026-01-13 02:00:00,Charrua220,64.08
2026-01-13 02:00:00,Alto Jahuel220,54.16
2026-01-13 02:00:00,Cardones220,36.84
2026-01-13 02:00:00,Ancoa220,69.74
2026-01-13 03:00:00,Crucero220,44.09
2026-01-13 03:00:00,Charrua220,78.4
2026-01-13 03:00:00,Alto Jahuel220,55.73
2026-01-13 03:00:00,Cardones220,54.28
2026-01-13 03:00:00,Ancoa220,60.86
2026-01-13 04:00:00,Crucero220,52.7
2026-01-13 04:00:00,Charrua220,54.2
2026-01-13 04:00:00,Alto Jahuel220,48.17
2026-01-13 04:00:00,Cardones220,43.68
2026-01-13 04:00:00,Ancoa220,65.91
2026-01-13 05:00:00,Crucero220,45.32
2026-01-13 05:00:00,Charrua220,49.71
2026-01-13 05:00:00,Alto Jahuel220,44.12
2026-01-13 05:00:00,Cardones220,28.58
2026-01-13 05:00:00,Ancoa220,43.86
2026-01-13 06:00:00,Crucero220,45.88
2026-01-13 06:00:00,Charrua220,69.0
2026-01-13 06:00:00,Alto Jahuel220,54.89
2026-01-13 06:00:00,Cardones220,21.92
2026-01-13 06:00:00,Ancoa220,56.47
2026-01-13 07:00:00,Crucero220,43.7
2026-01-13 07:00:00,Charrua220,76.77
2026-01-13 07:00:00,Alto Jahuel220,43.34
2026-01-13 07:00:00,Cardones220,36.87
2026-01-13 07:00:00,Ancoa220,71.65
2026-01-13 08:00:00,Crucero220,48.6
2026-01-13 08:00:00,Charrua220,64.51
2026-01-13 08:00:00,Alto Jahuel220,55.92
2026-01-13 08:00:00,Cardones220,42.64
2026-01-13 08:00:00,Ancoa220,64.22
2026-01-13 09:00:00,Crucero220,38.52
2026-01-13 09:00:00,Charrua220,67.02
2026-01-13 09:00:00,Alto Jahuel220,44.02
2026-01-13 09:00:00,Cardones220,42.63
2026-01-13 09:00:00,Ancoa220,59.43
2026-01-13 10:00:00,Crucero220,40.07
2026-01-13 10:00:00,Charrua220,59.82
2026-01-13 10:00:00,Alto Jahuel220,50.02
2026-01-13 10:00:00,Cardones220,31.43
2026-01-13 10:00:00,Ancoa220,55.17
2026-01-13 11:00:00,Crucero220,36.17
2026-01-13 11:00:00,Charrua220,62.58
2026-01-13 11:00:00,Alto Jahuel220,45.8
2026-01-13 11:00:00,Cardones220,45.7
2026-01-13 11:00:00,Ancoa220,48.55
2026-01-13 12:00:00,Crucero220,40.47
2026-01-13 12:00:00,Charrua220,55.0
2026-01-13 12:00:00,Alto Jahuel220,65.6
2026-01-13 12:00:00,Cardones220,42.64
2026-01-13 12:00:00,Ancoa220,56.31
2026-01-13 13:00:00,Crucero220,48.99
2026-01-13 13:00:00,Charrua220,43.14
2026-01-13 13:00:00,Alto Jahuel220,54.65
2026-01-13 13:00:00,Cardones220,55.98
2026-01-13 13:00:00,Ancoa220,59.06
2026-01-13 14:00:00,Crucero220,45.54
2026-01-13 14:00:00,Charrua220,64.39
2026-01-13 14:00:00,Alto Jahuel220,62.16
2026-01-13 14:00:00,Cardones220,24.02
2026-01-13 14:00:00,Ancoa220,44.54
2026-01-13 15:00:00,Crucero220,46.68
2026-01-13 15:00:00,Charrua220,54.28
2026-01-13 15:00:00,Alto Jahuel220,65.5
2026-01-13 15:00:00,Cardones220,37.48
2026-01-13 15:00:00,Ancoa220,42.52
2026-01-13 16:00:00,Crucero220,34.86
2026-01-13 16:00:00,Charrua220,38.0
2026-01-13 16:00:00,Alto Jahuel220,53.13
2026-01-13 16:00:00,Cardones220,38.49
2026-01-13 16:00:00,Ancoa220,54.6
2026-01-13 17:00:00,Crucero220,53.63
2026-01-13 17:00:00,Charrua220,69.59
2026-01-13 17:00:00,Alto Jahuel220,53.64
2026-01-13 17:00:00,Cardones220,22.92
2026-01-13 17:00:00,Ancoa220,62.94
2026-01-13 18:00:00,Crucero220,49.44
2026-01-13 18:00:00,Charrua220,62.48
2026-01-13 18:00:00,Alto Jahuel220,62.85
2026-01-13 18:00:00,Cardones220,30.68
2026-01-13 18:00:00,Ancoa220,74.07
2026-01-13 19:00:00,Crucero220,37.32
2026-01-13 19:00:00,Charrua220,65.99
2026-01-13 19:00:00,Alto Jahuel220,41.5
2026-01-13 19:00:00,Cardones220,32.56
2026-01-13 19:00:00,Ancoa220,70.13
2026-01-13 20:00:00,Crucero220,42.91
2026-01-13 20:00:00,Charrua220,66.72
2026-01-13 20:00:00,Alto Jahuel220,56.9
2026-01-13 20:00:00,Cardones220,39.16
2026-01-13 20:00:00,Ancoa220,68.91
2026-01-13 21:00:00,Crucero220,43.11
2026-01-13 21:00:00,Charrua220,45.75
2026-01-13 21:00:00,Alto Jahuel220,48.57
2026-01-13 21:00:00,Cardones220,44.41
2026-01-13 21:00:00,Ancoa220,61.16
2026-01-13 22:00:00,Crucero220,32.46
2026-01-13 22:00:00,Charrua220,54.21
2026-01-13 22:00:00,Alto Jahuel220,50.35
2026-01-13 22:00:00,Cardones220,37.08
2026-01-13 22:00:00,Ancoa220,46.99
2026-01-13 23:00:00,Crucero220,39.97
2026-01-13 23:00:00,Charrua220,54.17
2026-01-13 23:00:00,Alto Jahuel220,61.17
2026-01-13 23:00:00,Cardones220,46.47
2026-01-13 23:00:00,Ancoa220,56.83
2026-01-14 00:00:00,Crucero220,41.86
2026-01-14 00:00:00,Charrua220,61.12
2026-01-14 00:00:00,Alto Jahuel220,48.47
2026-01-14 00:00:00,Cardones220,30.83
2026-01-14 00:00:00,Ancoa220,50.48
2026-01-14 01:00:00,Crucero220,39.92
2026-01-14 01:00:00,Charrua220,50.69
2026-01-14 01:00:00,Alto Jahuel220,56.3
2026-01-14 01:00:00,Cardones220,45.84
2026-01-14 01:00:00,Ancoa220,45.3
2026-01-14 02:00:00,Crucero220,45.2
2026-01-14 02:00:00,Charrua220,58.24
2026-01-14 02:00:00,Alto Jahuel220,57.73
2026-01-14 02:00:00,Cardones220,39.9
2026-01-14 02:00:00,Ancoa220,46.37
2026-01-14 03:00:00,Crucero220,34.9
2026-01-14 03:00:00,Charrua220,60.24
2026-01-14 03:00:00,Alto Jahuel220,63.23
2026-01-14 03:00:00,Cardones220,22.29
2026-01-14 03:00:00,Ancoa220,60.77
2026-01-14 04:00:00,Crucero220,54.52
2026-01-14 04:00:00,Charrua220,58.78
2026-01-14 04:00:00,Alto Jahuel220,59.4
2026-01-14 04:00:00,Cardones220,34.38
2026-01-14 04:00:00,Ancoa220,57.05
2026-01-14 05:00:00,Crucero220,32.03
2026-01-14 05:00:00,Charrua220,41.25
2026-01-14 05:00:00,Alto Jahuel220,62.54
2026-01-14 05:00:00,Cardones220,32.12
2026-01-14 05:00:00,Ancoa220,54.36
2026-01-14 06:00:00,Crucero220,33.91
2026-01-14 06:00:00,Charrua220,48.72
2026-01-14 06:00:00,Alto Jahuel220,53.61
2026-01-14 06:00:00,Cardones220,34.16
2026-01-14 06:00:00,Ancoa220,61.02
2026-01-14 07:00:00,Crucero220,48.62
2026-01-14 07:00:00,Charrua220,62.57
2026-01-14 07:00:00,Alto Jahuel220,56.91
2026-01-14 07:00:00,Cardones220,52.62
2026-01-14 07:00:00,Ancoa220,49.46
2026-01-14 08:00:00,Crucero220,44.56
2026-01-14 08:00:00,Charrua220,69.06
2026-01-14 08:00:00,Alto Jahuel220,65.12
2026-01-14 08:00:00,Cardones220,28.63
2026-01-14 08:00:00,Ancoa220,55.5
2026-01-14 09:00:00,Crucero220,55.86
2026-01-14 09:00:00,Charrua220,64.06
2026-01-14 09:00:00,Alto Jahuel220,56.56
2026-01-14 09:00:00,Cardones220,38.26
2026-01-14 09:00:00,Ancoa220,54.93
2026-01-14 10:00:00,Crucero220,47.31
2026-01-14 10:00:00,Charrua220,57.98
2026-01-14 10:00:00,Alto Jahuel220,54.66
2026-01-14 10:00:00,Cardones220,40.63
2026-01-14 10:00:00,Ancoa220,52.58
2026-01-14 11:00:00,Crucero220,49.26
2026-01-14 11:00:00,Charrua220,83.31
2026-01-14 11:00:00,Alto Jahuel220,40.78
2026-01-14 11:00:00,Cardones220,42.59
2026-01-14 11:00:00,Ancoa220,51.92
2026-01-14 12:00:00,Crucero220,49.62
2026-01-14 12:00:00,Charrua220,60.37
2026-01-14 12:00:00,Alto Jahuel220,61.09
2026-01-14 12:00:00,Cardones220,49.4
2026-01-14 12:00:00,Ancoa220,59.54
2026-01-14 13:00:00,Crucero220,54.06
2026-01-14 13:00:00,Charrua220,41.25
2026-01-14 13:00:00,Alto Jahuel220,67.72
2026-01-14 13:00:00,Cardones220,43.0
2026-01-14 13:00:00,Ancoa220,66.62
2026-01-14 14:00:00,Crucero220,35.24
2026-01-14 14:00:00,Charrua220,53.35
2026-01-14 14:00:00,Alto Jahuel220,56.17
2026-01-14 14:00:00,Cardones220,39.86
2026-01-14 14:00:00,Ancoa220,60.26
2026-01-14 15:00:00,Crucero220,53.68
2026-01-14 15:00:00,Charrua220,45.88
2026-01-14 15:00:00,Alto Jahuel220,62.79
2026-01-14 15:00:00,Cardones220,40.07
2026-01-14 15:00:00,Ancoa220,56.37
2026-01-14 16:00:00,Crucero220,33.23
2026-01-14 16:00:00,Charrua220,64.02
2026-01-14 16:00:00,Alto Jahuel220,35.69
2026-01-14 16:00:00,Cardones220,45.19
2026-01-14 16:00:00,Ancoa220,46.06
2026-01-14 17:00:00,Crucero220,45.43
2026-01-14 17:00:00,Charrua220,59.05
2026-01-14 17:00:00,Alto Jahuel220,64.36
2026-01-14 17:00:00,Cardones220,38.57
2026-01-14 17:00:00,Ancoa220,52.45
2026-01-14 18:00:00,Crucero220,40.95
2026-01-14 18:00:00,Charrua220,70.18
2026-01-14 18:00:00,Alto Jahuel220,59.29
2026-01-14 18:00:00,Cardones220,36.91
2026-01-14 18:00:00,Ancoa220,56.11
2026-01-14 19:00:00,Crucero220,32.46
2026-01-14 19:00:00,Charrua220,63.11
2026-01-14 19:00:00,Alto Jahuel220,40.92
2026-01-14 19:00:00,Cardones220,46.01
2026-01-14 19:00:00,Ancoa220,59.03
2026-01-14 20:00:00,Crucero220,64.1
2026-01-14 20:00:00,Charrua220,51.2
2026-01-14 20:00:00,Alto Jahuel220,54.18
2026-01-14 20:00:00,Cardones220,54.39
2026-01-14 20:00:00,Ancoa220,67.53
2026-01-14 21:00:00,Crucero220,39.43
2026-01-14 21:00:00,Charrua220,61.79
2026-01-14 21:00:00,Alto Jahuel220,55.02
2026-01-14 21:00:00,Cardones220,42.26
2026-01-14 21:00:00,Ancoa220,52.41
2026-01-14 22:00:00,Crucero220,44.29
2026-01-14 22:00:00,Charrua220,47.22
2026-01-14 22:00:00,Alto Jahuel220,56.08
2026-01-14 22:00:00,Cardones220,43.6
2026-01-14 22:00:00,Ancoa220,56.18
2026-01-14 23:00:00,Crucero220,32.08
2026-01-14 23:00:00,Charrua220,67.91
2026-01-14 23:00:00,Alto Jahuel220,57.92
2026-01-14 23:00:00,Cardones220,34.19
2026-01-14 23:00:00,Ancoa220,55.76
2026-01-15 00:00:00,Crucero220,32.99
2026-01-15 00:00:00,Charrua220,51.8
2026-01-15 00:00:00,Alto Jahuel220,50.7
2026-01-15 00:00:00,Cardones220,49.83
2026-01-15 00:00:00,Ancoa220,52.88
2026-01-15 01:00:00,Crucero220,50.12
2026-01-15 01:00:00,Charrua220,55.69
2026-01-15 01:00:00,Alto Jahuel220,56.98
2026-01-15 01:00:00,Cardones220,38.87
2026-01-15 01:00:00,Ancoa220,64.98
2026-01-15 02:00:00,Crucero220,40.72
2026-01-15 02:00:00,Charrua220,47.42
2026-01-15 02:00:00,Alto Jahuel220,43.94
2026-01-15 02:00:00,Cardones220,35.74
2026-01-15 02:00:00,Ancoa220,48.01
2026-01-15 03:00:00,Crucero220,48.28
2026-01-15 03:00:00,Charrua220,56.27
2026-01-15 03:00:00,Alto Jahuel220,74.0
2026-01-15 03:00:00,Cardones220,26.1
2026-01-15 03:00:00,Ancoa220,59.63
2026-01-15 04:00:00,Crucero220,35.98
2026-01-15 04:00:00,Charrua220,56.05
2026-01-15 04:00:00,Alto Jahuel220,56.13
2026-01-15 04:00:00,Cardones220,21.4
2026-01-15 04:00:00,Ancoa220,59.89
2026-01-15 05:00:00,Crucero220,60.22
2026-01-15 05:00:00,Charrua220,56.37
2026-01-15 05:00:00,Alto Jahuel220,57.08
2026-01-15 05:00:00,Cardones220,48.2
2026-01-15 05:00:00,Ancoa220,56.69
2026-01-15 06:00:00,Crucero220,40.35
2026-01-15 06:00:00,Charrua220,41.79
2026-01-15 06:00:00,Alto Jahuel220,60.13
2026-01-15 06:00:00,Cardones220,39.09
2026-01-15 06:00:00,Ancoa220,49.9
2026-01-15 07:00:00,Crucero220,46.01
2026-01-15 07:00:00,Charrua220,55.33
2026-01-15 07:00:00,Alto Jahuel220,50.77
2026-01-15 07:00:00,Cardones220,44.85
2026-01-15 07:00:00,Ancoa220,47.29
2026-01-15 08:00:00,Crucero220,53.38
2026-01-15 08:00:00,Charrua220,48.82
2026-01-15 08:00:00,Alto Jahuel220,49.7
2026-01-15 08:00:00,Cardones220,55.38
2026-01-15 08:00:00,Ancoa220,67.02
2026-01-15 09:00:00,Crucero220,45.78
2026-01-15 09:00:00,Charrua220,52.48
2026-01-15 09:00:00,Alto Jahuel220,50.77
2026-01-15 09:00:00,Cardones220,40.59
2026-01-15 09:00:00,Ancoa220,58.3
2026-01-15 10:00:00,Crucero220,44.27
2026-01-15 10:00:00,Charrua220,59.75
2026-01-15 10:00:00,Alto Jahuel220,53.28
2026-01-15 10:00:00,Cardones220,28.46
2026-01-15 10:00:00,Ancoa220,53.87
2026-01-15 11:00:00,Crucero220,52.32
2026-01-15 11:00:00,Charrua220,49.05
2026-01-15 11:00:00,Alto Jahuel220,53.48
2026-01-15 11:00:00,Cardones220,33.44
2026-01-15 11:00:00,Ancoa220,58.89
2026-01-15 12:00:00,Crucero220,41.89
2026-01-15 12:00:00,Charrua220,71.82
2026-01-15 12:00:00,Alto Jahuel220,59.05
2026-01-15 12:00:00,Cardones220,29.51
2026-01-15 12:00:00,Ancoa220,63.37
2026-01-15 13:00:00,Crucero220,38.8
2026-01-15 13:00:00,Charrua220,55.38
2026-01-15 13:00:00,Alto Jahuel220,57.51
2026-01-15 13:00:00,Cardones220,36.07
2026-01-15 13:00:00,Ancoa220,65.14
2026-01-15 14:00:00,Crucero220,38.8
2026-01-15 14:00:00,Charrua220,55.05
2026-01-15 14:00:00,Alto Jahuel220,49.75
2026-01-15 14:00:00,Cardones220,35.47
2026-01-15 14:00:00,Ancoa220,66.79
2026-01-15 15:00:00,Crucero220,50.03
2026-01-15 15:00:00,Charrua220,73.68
2026-01-15 15:00:00,Alto Jahuel220,73.14
2026-01-15 15:00:00,Cardones220,31.75
2026-01-15 15:00:00,Ancoa220,58.56
2026-01-15 16:00:00,Crucero220,35.59
2026-01-15 16:00:00,Charrua220,53.78
2026-01-15 16:00:00,Alto Jahuel220,49.96
2026-01-15 16:00:00,Cardones220,31.54
2026-01-15 16:00:00,Ancoa220,49.58
2026-01-15 17:00:00,Crucero220,43.85
2026-01-15 17:00:00,Charrua220,50.27
2026-01-15 17:00:00,Alto Jahuel220,61.74
2026-01-15 17:00:00,Cardones220,32.66
2026-01-15 17:00:00,Ancoa220,80.48
2026-01-15 18:00:00,Crucero220,41.39
2026-01-15 18:00:00,Charrua220,60.58
2026-01-15 18:00:00,Alto Jahuel220,44.64
2026-01-15 18:00:00,Cardones220,53.65
2026-01-15 18:00:00,Ancoa220,66.96
2026-01-15 19:00:00,Crucero220,47.38
2026-01-15 19:00:00,Charrua220,49.23
2026-01-15 19:00:00,Alto Jahuel220,56.69
2026-01-15 19:00:00,Cardones220,31.03
2026-01-15 19:00:00,Ancoa220,69.7
2026-01-15 20:00:00,Crucero220,51.47
2026-01-15 20:00:00,Charrua220,60.76
2026-01-15 20:00:00,Alto Jahuel220,35.51
2026-01-15 20:00:00,Cardones220,32.13
2026-01-15 20:00:00,Ancoa220,63.5
2026-01-15 21:00:00,Crucero220,54.7
2026-01-15 21:00:00,Charrua220,68.87
2026-01-15 21:00:00,Alto Jahuel220,42.26
2026-01-15 21:00:00,Cardones220,42.41
2026-01-15 21:00:00,Ancoa220,66.12
2026-01-15 22:00:00,Crucero220,31.73
2026-01-15 22:00:00,Charrua220,59.94
2026-01-15 22:00:00,Alto Jahuel220,57.19
2026-01-15 22:00:00,Cardones220,37.59
2026-01-15 22:00:00,Ancoa220,43.18
2026-01-15 23:00:00,Crucero220,42.39
2026-01-15 23:00:00,Charrua220,57.38
2026-01-15 23:00:00,Alto Jahuel220,53.82
2026-01-15 23:00:00,Cardones220,35.49
2026-01-15 23:00:00,Ancoa220,54.46
2026-01-16 00:00:00,Crucero220,44.68
2026-01-16 00:00:00,Charrua220,63.54
2026-01-16 00:00:00,Alto Jahuel220,52.56
2026-01-16 00:00:00,Cardones220,36.72
2026-01-16 00:00:00,Ancoa220,58.74
2026-01-16 01:00:00,Crucero220,29.63
2026-01-16 01:00:00,Charrua220,63.82
2026-01-16 01:00:00,Alto Jahuel220,55.0
2026-01-16 01:00:00,Cardones220,40.32
2026-01-16 01:00:00,Ancoa220,65.69
2026-01-16 02:00:00,Crucero220,29.38
2026-01-16 02:00:00,Charrua220,44.21
2026-01-16 02:00:00,Alto Jahuel220,57.19
2026-01-16 02:00:00,Cardones220,39.94
2026-01-16 02:00:00,Ancoa220,59.36
2026-01-16 03:00:00,Crucero220,41.3
2026-01-16 03:00:00,Charrua220,65.31
2026-01-16 03:00:00,Alto Jahuel220,62.46
2026-01-16 03:00:00,Cardones220,43.87
2026-01-16 03:00:00,Ancoa220,55.91
2026-01-16 04:00:00,Crucero220,28.14
2026-01-16 04:00:00,Charrua220,66.15
2026-01-16 04:00:00,Alto Jahuel220,64.77
2026-01-16 04:00:00,Cardones220,45.16
2026-01-16 04:00:00,Ancoa220,50.96
2026-01-16 05:00:00,Crucero220,50.39
2026-01-16 05:00:00,Charrua220,66.88
2026-01-16 05:00:00,Alto Jahuel220,67.47
2026-01-16 05:00:00,Cardones220,32.99
2026-01-16 05:00:00,Ancoa220,56.19
2026-01-16 06:00:00,Crucero220,50.98
2026-01-16 06:00:00,Charrua220,60.46
2026-01-16 06:00:00,Alto Jahuel220,46.06
2026-01-16 06:00:00,Cardones220,43.32
2026-01-16 06:00:00,Ancoa220,62.63
2026-01-16 07:00:00,Crucero220,45.7
2026-01-16 07:00:00,Charrua220,61.76
2026-01-16 07:00:00,Alto Jahuel220,52.93
2026-01-16 07:00:00,Cardones220,51.83
2026-01-16 07:00:00,Ancoa220,50.79
2026-01-16 08:00:00,Crucero220,40.3
2026-01-16 08:00:00,Charrua220,60.09
2026-01-16 08:00:00,Alto Jahuel220,62.03
2026-01-16 08:00:00,Cardones220,28.02
2026-01-16 08:00:00,Ancoa220,47.52
2026-01-16 09:00:00,Crucero220,28.7
2026-01-16 09:00:00,Charrua220,60.26
2026-01-16 09:00:00,Alto Jahuel220,46.05
2026-01-16 09:00:00,Cardones220,36.92
2026-01-16 09:00:00,Ancoa220,63.29
2026-01-16 10:00:00,Crucero220,39.87
2026-01-16 10:00:00,Charrua220,61.85
2026-01-16 10:00:00,Alto Jahuel220,52.61
2026-01-16 10:00:00,Cardones220,45.38
2026-01-16 10:00:00,Ancoa220,61.8
2026-01-16 11:00:00,Crucero220,39.46
2026-01-16 11:00:00,Charrua220,58.65
2026-01-16 11:00:00,Alto Jahuel220,63.35
2026-01-16 11:00:00,Cardones220,43.15
2026-01-16 11:00:00,Ancoa220,46.82
2026-01-16 12:00:00,Crucero220,50.24
2026-01-16 12:00:00,Charrua220,51.32
2026-01-16 12:00:00,Alto Jahuel220,66.3
2026-01-16 12:00:00,Cardones220,48.19
2026-01-16 12:00:00,Ancoa220,60.32
2026-01-16 13:00:00,Crucero220,46.26
2026-01-16 13:00:00,Charrua220,58.33
2026-01-16 13:00:00,Alto Jahuel220,60.43
2026-01-16 13:00:00,Cardones220,37.03
2026-01-16 13:00:00,Ancoa220,59.88
2026-01-16 14:00:00,Crucero220,51.98
2026-01-16 14:00:00,Charrua220,55.51
2026-01-16 14:00:00,Alto Jahuel220,50.07
2026-01-16 14:00:00,Cardones220,30.45
2026-01-16 14:00:00,Ancoa220,49.48
2026-01-16 15:00:00,Crucero220,30.37
2026-01-16 15:00:00,Charrua220,65.84
2026-01-16 15:00:00,Alto Jahuel220,69.47
2026-01-16 15:00:00,Cardones220,51.4
2026-01-16 15:00:00,Ancoa220,44.99
2026-01-16 16:00:00,Crucero220,50.8
2026-01-16 16:00:00,Charrua220,71.38
2026-01-16 16:00:00,Alto Jahuel220,51.35
2026-01-16 16:00:00,Cardones220,40.81
2026-01-16 16:00:00,Ancoa220,41.94
2026-01-16 17:00:00,Crucero220,47.13
2026-01-16 17:00:00,Charrua220,51.49
2026-01-16 17:00:00,Alto Jahuel220,56.6
2026-01-16 17:00:00,Cardones220,27.51
2026-01-16 17:00:00,Ancoa220,62.34
2026-01-16 18:00:00,Crucero220,53.2
2026-01-16 18:00:00,Charrua220,53.73
2026-01-16 18:00:00,Alto Jahuel220,45.9
2026-01-16 18:00:00,Cardones220,22.75
2026-01-16 18:00:00,Ancoa220,55.87
2026-01-16 19:00:00,Crucero220,40.35
2026-01-16 19:00:00,Charrua220,47.59
2026-01-16 19:00:00,Alto Jahuel220,58.62
2026-01-16 19:00:00,Cardones220,36.4
2026-01-16 19:00:00,Ancoa220,49.39
2026-01-16 20:00:00,Crucero220,40.56
2026-01-16 20:00:00,Charrua220,68.57
2026-01-16 20:00:00,Alto Jahuel220,59.82
2026-01-16 20:00:00,Cardones220,38.96
2026-01-16 20:00:00,Ancoa220,62.95
2026-01-16 21:00:00,Crucero220,35.71
2026-01-16 21:00:00,Charrua220,60.26
2026-01-16 21:00:00,Alto Jahuel220,56.18
2026-01-16 21:00:00,Cardones220,36.24
2026-01-16 21:00:00,Ancoa220,61.48
2026-01-16 22:00:00,Crucero220,38.76
2026-01-16 22:00:00,Charrua220,64.08
2026-01-16 22:00:00,Alto Jahuel220,59.41
2026-01-16 22:00:00,Cardones220,16.66
2026-01-16 22:00:00,Ancoa220,67.52
2026-01-16 23:00:00,Crucero220,20.62
2026-01-16 23:00:00,Charrua220,55.07
2026-01-16 23:00:00,Alto Jahuel220,63.2
2026-01-16 23:00:00,Cardones220,37.46
2026-01-16 23:00:00,Ancoa220,46.27
2026-01-17 00:00:00,Crucero220,36.25
2026-01-17 00:00:00,Charrua220,68.22
2026-01-17 00:00:00,Alto Jahuel220,39.63
2026-01-17 00:00:00,Cardones220,49.03
2026-01-17 00:00:00,Ancoa220,57.56
2026-01-17 01:00:00,Crucero220,35.46
2026-01-17 01:00:00,Charrua220,55.34
2026-01-17 01:00:00,Alto Jahuel220,46.86
2026-01-17 01:00:00,Cardones220,46.93
2026-01-17 01:00:00,Ancoa220,63.86
2026-01-17 02:00:00,Crucero220,31.25
2026-01-17 02:00:00,Charrua220,56.77
2026-01-17 02:00:00,Alto Jahuel220,48.09
2026-01-17 02:00:00,Cardones220,50.35
2026-01-17 02:00:00,Ancoa220,47.2
2026-01-17 03:00:00,Crucero220,57.83
2026-01-17 03:00:00,Charrua220,59.73
2026-01-17 03:00:00,Alto Jahuel220,45.7
2026-01-17 03:00:00,Cardones220,34.58
2026-01-17 03:00:00,Ancoa220,51.59
2026-01-17 04:00:00,Crucero220,34.8
2026-01-17 04:00:00,Charrua220,60.76
2026-01-17 04:00:00,Alto Jahuel220,45.18
2026-01-17 04:00:00,Cardones220,22.56
2026-01-17 04:00:00,Ancoa220,54.96
2026-01-17 05:00:00,Crucero220,30.58
2026-01-17 05:00:00,Charrua220,53.98
2026-01-17 05:00:00,Alto Jahuel220,47.73
2026-01-17 05:00:00,Cardones220,33.03
2026-01-17 05:00:00,Ancoa220,74.01
2026-01-17 06:00:00,Crucero220,45.45
2026-01-17 06:00:00,Charrua220,61.96
2026-01-17 06:00:00,Alto Jahuel220,40.79
2026-01-17 06:00:00,Cardones220,34.77
2026-01-17 06:00:00,Ancoa220,59.72
2026-01-17 07:00:00,Crucero220,36.8
2026-01-17 07:00:00,Charrua220,67.26
2026-01-17 07:00:00,Alto Jahuel220,45.38
2026-01-17 07:00:00,Cardones220,37.71
2026-01-17 07:00:00,Ancoa220,53.31
2026-01-17 08:00:00,Crucero220,46.31
2026-01-17 08:00:00,Charrua220,54.88
2026-01-17 08:00:00,Alto Jahuel220,52.83
2026-01-17 08:00:00,Cardones220,38.11
2026-01-17 08:00:00,Ancoa220,52.12
2026-01-17 09:00:00,Crucero220,48.88
2026-01-17 09:00:00,Charrua220,61.91
2026-01-17 09:00:00,Alto Jahuel220,54.29
2026-01-17 09:00:00,Cardones220,36.56
2026-01-17 09:00:00,Ancoa220,64.37
2026-01-17 10:00:00,Crucero220,43.11
2026-01-17 10:00:00,Charrua220,57.55
2026-01-17 10:00:00,Alto Jahuel220,55.84
2026-01-17 10:00:00,Cardones220,53.57
2026-01-17 10:00:00,Ancoa220,47.28
2026-01-17 11:00:00,Crucero220,51.16
2026-01-17 11:00:00,Charrua220,44.85
2026-01-17 11:00:00,Alto Jahuel220,56.74
2026-01-17 11:00:00,Cardones220,52.6
2026-01-17 11:00:00,Ancoa220,61.91
2026-01-17 12:00:00,Crucero220,46.37
2026-01-17 12:00:00,Charrua220,55.52
2026-01-17 12:00:00,Alto Jahuel220,55.25
2026-01-17 12:00:00,Cardones220,37.98
2026-01-17 12:00:00,Ancoa220,51.71
2026-01-17 13:00:00,Crucero220,42.68
2026-01-17 13:00:00,Charrua220,61.59
2026-01-17 13:00:00,Alto Jahuel220,48.86
2026-01-17 13:00:00,Cardones220,33.55
2026-01-17 13:00:00,Ancoa220,47.12
2026-01-17 14:00:00,Crucero220,48.13
2026-01-17 14:00:00,Charrua220,64.36
2026-01-17 14:00:00,Alto Jahuel220,56.85
2026-01-17 14:00:00,Cardones220,47.72
2026-01-17 14:00:00,Ancoa220,58.7
2026-01-17 15:00:00,Crucero220,48.14
2026-01-17 15:00:00,Charrua220,62.43
2026-01-17 15:00:00,Alto Jahuel220,54.27
2026-01-17 15:00:00,Cardones220,35.75
2026-01-17 15:00:00,Ancoa220,75.71
2026-01-17 16:00:00,Crucero220,41.38
2026-01-17 16:00:00,Charrua220,54.67
2026-01-17 16:00:00,Alto Jahuel220,58.47
2026-01-17 16:00:00,Cardones220,42.01
2026-01-17 16:00:00,Ancoa220,46.76
2026-01-17 17:00:00,Crucero220,53.98
2026-01-17 17:00:00,Charrua220,59.25
2026-01-17 17:00:00,Alto Jahuel220,46.11
2026-01-17 17:00:00,Cardones220,49.51
2026-01-17 17:00:00,Ancoa220,63.01
2026-01-17 18:00:00,Crucero220,34.88
2026-01-17 18:00:00,Charrua220,74.22
2026-01-17 18:00:00,Alto Jahuel220,60.27
2026-01-17 18:00:00,Cardones220,39.92
2026-01-17 18:00:00,Ancoa220,70.72
2026-01-17 19:00:00,Crucero220,46.27
2026-01-17 19:00:00,Charrua220,59.78
2026-01-17 19:00:00,Alto Jahuel220,49.72
2026-01-17 19:00:00,Cardones220,44.65
2026-01-17 19:00:00,Ancoa220,61.81
2026-01-17 20:00:00,Crucero220,45.12
2026-01-17 20:00:00,Charrua220,53.68
2026-01-17 20:00:00,Alto Jahuel220,56.04
2026-01-17 20:00:00,Cardones220,39.44
2026-01-17 20:00:00,Ancoa220,47.33
2026-01-17 21:00:00,Crucero220,33.23
2026-01-17 21:00:00,Charrua220,64.52
2026-01-17 21:00:00,Alto Jahuel220,34.18
2026-01-17 21:00:00,Cardones220,41.64
2026-01-17 21:00:00,Ancoa220,54.18
2026-01-17 22:00:00,Crucero220,55.47
2026-01-17 22:00:00,Charrua220,56.05
2026-01-17 22:00:00,Alto Jahuel220,60.28
2026-01-17 22:00:00,Cardones220,36.82
2026-01-17 22:00:00,Ancoa220,58.91
2026-01-17 23:00:00,Crucero220,50.89
2026-01-17 23:00:00,Charrua220,56.3
2026-01-17 23:00:00,Alto Jahuel220,62.97
2026-01-17 23:00:00,Cardones220,32.05
2026-01-17 23:00:00,Ancoa220,60.36
2026-01-18 00:00:00,Crucero220,52.38
2026-01-18 00:00:00,Charrua220,65.28
2026-01-18 00:00:00,Alto Jahuel220,70.33
2026-01-18 00:00:00,Cardones220,33.89
2026-01-18 00:00:00,Ancoa220,46.97
2026-01-18 01:00:00,Crucero220,37.05
2026-01-18 01:00:00,Charrua220,65.28
2026-01-18 01:00:00,Alto Jahuel220,58.98
2026-01-18 01:00:00,Cardones220,40.82
2026-01-18 01:00:00,Ancoa220,49.02
2026-01-18 02:00:00,Crucero220,51.13
2026-01-18 02:00:00,Charrua220,50.2
2026-01-18 02:00:00,Alto Jahuel220,64.27
2026-01-18 02:00:00,Cardones220,62.86
2026-01-18 02:00:00,Ancoa220,60.93
2026-01-18 03:00:00,Crucero220,49.66
2026-01-18 03:00:00,Charrua220,56.06
2026-01-18 03:00:00,Alto Jahuel220,40.52
2026-01-18 03:00:00,Cardones220,35.18
2026-01-18 03:00:00,Ancoa220,49.26
2026-01-18 04:00:00,Crucero220,33.42
2026-01-18 04:00:00,Charrua220,73.78
2026-01-18 04:00:00,Alto Jahuel220,57.18
2026-01-18 04:00:00,Cardones220,43.04
2026-01-18 04:00:00,Ancoa220,55.53
2026-01-18 05:00:00,Crucero220,43.62
2026-01-18 05:00:00,Charrua220,67.72
2026-01-18 05:00:00,Alto Jahuel220,54.74
2026-01-18 05:00:00,Cardones220,44.25
2026-01-18 05:00:00,Ancoa220,56.43
2026-01-18 06:00:00,Crucero220,42.26
2026-01-18 06:00:00,Charrua220,48.74
2026-01-18 06:00:00,Alto Jahuel220,39.18
2026-01-18 06:00:00,Cardones220,37.91
2026-01-18 06:00:00,Ancoa220,58.45
2026-01-18 07:00:00,Crucero220,34.71
2026-01-18 07:00:00,Charrua220,59.72
2026-01-18 07:00:00,Alto Jahuel220,55.43
2026-01-18 07:00:00,Cardones220,22.75
2026-01-18 07:00:00,Ancoa220,50.68
2026-01-18 08:00:00,Crucero220,48.26
2026-01-18 08:00:00,Charrua220,63.1
2026-01-18 08:00:00,Alto Jahuel220,45.77
2026-01-18 08:00:00,Cardones220,41.27
2026-01-18 08:00:00,Ancoa220,66.18
2026-01-18 09:00:00,Crucero220,51.22
2026-01-18 09:00:00,Charrua220,59.24
2026-01-18 09:00:00,Alto Jahuel220,51.26
2026-01-18 09:00:00,Cardones220,34.97
2026-01-18 09:00:00,Ancoa220,61.74
2026-01-18 10:00:00,Crucero220,46.56
2026-01-18 10:00:00,Charrua220,65.04
2026-01-18 10:00:00,Alto Jahuel220,56.05
2026-01-18 10:00:00,Cardones220,46.55
2026-01-18 10:00:00,Ancoa220,58.76
2026-01-18 11:00:00,Crucero220,51.28
2026-01-18 11:00:00,Charrua220,66.97
2026-01-18 11:00:00,Alto Jahuel220,48.56
2026-01-18 11:00:00,Cardones220,25.53
2026-01-18 11:00:00,Ancoa220,70.35
2026-01-18 12:00:00,Crucero220,47.05
2026-01-18 12:00:00,Charrua220,46.28
2026-01-18 12:00:00,Alto Jahuel220,49.29
2026-01-18 12:00:00,Cardones220,46.17
2026-01-18 12:00:00,Ancoa220,55.76
2026-01-18 13:00:00,Crucero220,40.9
2026-01-18 13:00:00,Charrua220,71.21
2026-01-18 13:00:00,Alto Jahuel220,46.62
2026-01-18 13:00:00,Cardones220,33.61
2026-01-18 13:00:00,Ancoa220,59.69
2026-01-18 14:00:00,Crucero220,48.12
2026-01-18 14:00:00,Charrua220,63.97
2026-01-18 14:00:00,Alto Jahuel220,62.29
2026-01-18 14:00:00,Cardones220,41.59
2026-01-18 14:00:00,Ancoa220,61.92
2026-01-18 15:00:00,Crucero220,42.93
2026-01-18 15:00:00,Charrua220,60.5
2026-01-18 15:00:00,Alto Jahuel220,55.86
2026-01-18 15:00:00,Cardones220,41.72
2026-01-18 15:00:00,Ancoa220,64.18
2026-01-18 16:00:00,Crucero220,49.44
2026-01-18 16:00:00,Charrua220,60.35
2026-01-18 16:00:00,Alto Jahuel220,48.53
2026-01-18 16:00:00,Cardones220,40.54
2026-01-18 16:00:00,Ancoa220,57.78
2026-01-18 17:00:00,Crucero220,46.55
2026-01-18 17:00:00,Charrua220,77.65
2026-01-18 17:00:00,Alto Jahuel220,50.81
2026-01-18 17:00:00,Cardones220,43.38
2026-01-18 17:00:00,Ancoa220,66.55
2026-01-18 18:00:00,Crucero220,45.78
2026-01-18 18:00:00,Charrua220,78.7
2026-01-18 18:00:00,Alto Jahuel220,51.98
2026-01-18 18:00:00,Cardones220,42.59
2026-01-18 18:00:00,Ancoa220,51.61
2026-01-18 19:00:00,Crucero220,42.19
2026-01-18 19:00:00,Charrua220,61.99
2026-01-18 19:00:00,Alto Jahuel220,61.77
2026-01-18 19:00:00,Cardones220,42.55
2026-01-18 19:00:00,Ancoa220,68.07
2026-01-18 20:00:00,Crucero220,44.24
2026-01-18 20:00:00,Charrua220,57.34
2026-01-18 20:00:00,Alto Jahuel220,76.63
2026-01-18 20:00:00,Cardones220,43.15
2026-01-18 20:00:00,Ancoa220,52.24
2026-01-18 21:00:00,Crucero220,39.45
2026-01-18 21:00:00,Charrua220,52.46
2026-01-18 21:00:00,Alto Jahuel220,62.49
2026-01-18 21:00:00,Cardones220,37.08
2026-01-18 21:00:00,Ancoa220,59.02
2026-01-18 22:00:00,Crucero220,44.49
2026-01-18 22:00:00,Charrua220,65.85
2026-01-18 22:00:00,Alto Jahuel220,48.23
2026-01-18 22:00:00,Cardones220,31.4
2026-01-18 22:00:00,Ancoa220,59.79
2026-01-18 23:00:00,Crucero220,49.81
2026-01-18 23:00:00,Charrua220,62.66
2026-01-18 23:00:00,Alto Jahuel220,48.52
2026-01-18 23:00:00,Cardones220,45.42
2026-01-18 23:00:00,Ancoa220,52.05
2026-01-19 00:00:00,Crucero220,40.83
2026-01-19 00:00:00,Charrua220,52.45
2026-01-19 00:00:00,Alto Jahuel220,65.41
2026-01-19 00:00:00,Cardones220,45.07
2026-01-19 00:00:00,Ancoa220,62.84
2026-01-19 01:00:00,Crucero220,54.98
2026-01-19 01:00:00,Charrua220,82.5
2026-01-19 01:00:00,Alto Jahuel220,41.33
2026-01-19 01:00:00,Cardones220,34.09
2026-01-19 01:00:00,Ancoa220,53.07
2026-01-19 02:00:00,Crucero220,38.19
2026-01-19 02:00:00,Charrua220,51.38
2026-01-19 02:00:00,Alto Jahuel220,52.6
2026-01-19 02:00:00,Cardones220,30.27
2026-01-19 02:00:00,Ancoa220,60.68
2026-01-19 03:00:00,Crucero220,45.41
2026-01-19 03:00:00,Charrua220,63.85
2026-01-19 03:00:00,Alto Jahuel220,59.06
2026-01-19 03:00:00,Cardones220,44.82
2026-01-19 03:00:00,Ancoa220,55.01
2026-01-19 04:00:00,Crucero220,61.97
2026-01-19 04:00:00,Charrua220,61.88
2026-01-19 04:00:00,Alto Jahuel220,40.1
2026-01-19 04:00:00,Cardones220,31.98
2026-01-19 04:00:00,Ancoa220,44.08
2026-01-19 05:00:00,Crucero220,45.14
2026-01-19 05:00:00,Charrua220,59.03
2026-01-19 05:00:00,Alto Jahuel220,51.25
2026-01-19 05:00:00,Cardones220,56.09
2026-01-19 05:00:00,Ancoa220,62.39
2026-01-19 06:00:00,Crucero220,50.81
2026-01-19 06:00:00,Charrua220,52.55
2026-01-19 06:00:00,Alto Jahuel220,47.01
2026-01-19 06:00:00,Cardones220,40.29
2026-01-19 06:00:00,Ancoa220,59.38
2026-01-19 07:00:00,Crucero220,30.15
2026-01-19 07:00:00,Charrua220,58.56
2026-01-19 07:00:00,Alto Jahuel220,55.11
2026-01-19 07:00:00,Cardones220,38.28
2026-01-19 07:00:00,Ancoa220,51.49
2026-01-19 08:00:00,Crucero220,40.68
2026-01-19 08:00:00,Charrua220,58.59
2026-01-19 08:00:00,Alto Jahuel220,55.73
2026-01-19 08:00:00,Cardones220,44.84
2026-01-19 08:00:00,Ancoa220,66.65
2026-01-19 09:00:00,Crucero220,42.65
2026-01-19 09:00:00,Charrua220,56.35
2026-01-19 09:00:00,Alto Jahuel220,58.5
2026-01-19 09:00:00,Cardones220,44.89
2026-01-19 09:00:00,Ancoa220,54.53
2026-01-19 10:00:00,Crucero220,51.32
2026-01-19 10:00:00,Charrua220,67.84
2026-01-19 10:00:00,Alto Jahuel220,65.33
2026-01-19 10:00:00,Cardones220,54.23
2026-01-19 10:00:00,Ancoa220,51.07
2026-01-19 11:00:00,Crucero220,45.11
2026-01-19 11:00:00,Charrua220,60.09
2026-01-19 11:00:00,Alto Jahuel220,54.22
2026-01-19 11:00:00,Cardones220,34.81
2026-01-19 11:00:00,Ancoa220,46.12
2026-01-19 12:00:00,Crucero220,45.74
2026-01-19 12:00:00,Charrua220,53.85
2026-01-19 12:00:00,Alto Jahuel220,55.69
2026-01-19 12:00:00,Cardones220,33.65
2026-01-19 12:00:00,Ancoa220,49.2
2026-01-19 13:00:00,Crucero220,46.87
2026-01-19 13:00:00,Charrua220,61.21
2026-01-19 13:00:00,Alto Jahuel220,59.63
2026-01-19 13:00:00,Cardones220,57.49
2026-01-19 13:00:00,Ancoa220,60.22
2026-01-19 14:00:00,Crucero220,48.88
2026-01-19 14:00:00,Charrua220,51.38
2026-01-19 14:00:00,Alto Jahuel220,44.7
2026-01-19 14:00:00,Cardones220,52.66
2026-01-19 14:00:00,Ancoa220,50.61
2026-01-19 15:00:00,Crucero220,36.65
2026-01-19 15:00:00,Charrua220,59.69
2026-01-19 15:00:00,Alto Jahuel220,54.28
2026-01-19 15:00:00,Cardones220,32.78
2026-01-19 15:00:00,Ancoa220,55.56
2026-01-19 16:00:00,Crucero220,54.84
2026-01-19 16:00:00,Charrua220,53.55
2026-01-19 16:00:00,Alto Jahuel220,43.85
2026-01-19 16:00:00,Cardones220,47.54
2026-01-19 16:00:00,Ancoa220,61.94
2026-01-19 17:00:00,Crucero220,40.04
2026-01-19 17:00:00,Charrua220,47.34
2026-01-19 17:00:00,Alto Jahuel220,49.04
2026-01-19 17:00:00,Cardones220,39.56
2026-01-19 17:00:00,Ancoa220,67.33
2026-01-19 18:00:00,Crucero220,36.71
2026-01-19 18:00:00,Charrua220,59.32
2026-01-19 18:00:00,Alto Jahuel220,60.4
2026-01-19 18:00:00,Cardones220,20.95
2026-01-19 18:00:00,Ancoa220,66.27
2026-01-19 19:00:00,Crucero220,35.54
2026-01-19 19:00:00,Charrua220,62.66
2026-01-19 19:00:00,Alto Jahuel220,56.97
2026-01-19 19:00:00,Cardones220,48.68
2026-01-19 19:00:00,Ancoa220,62.41
2026-01-19 20:00:00,Crucero220,25.98
2026-01-19 20:00:00,Charrua220,53.72
2026-01-19 20:00:00,Alto Jahuel220,56.11
2026-01-19 20:00:00,Cardones220,38.44
2026-01-19 20:00:00,Ancoa220,61.82
2026-01-19 21:00:00,Crucero220,51.31
2026-01-19 21:00:00,Charrua220,64.87
2026-01-19 21:00:00,Alto Jahuel220,53.29
2026-01-19 21:00:00,Cardones220,25.23
2026-01-19 21:00:00,Ancoa220,54.36
2026-01-19 22:00:00,Crucero220,48.33
2026-01-19 22:00:00,Charrua220,51.28
2026-01-19 22:00:00,Alto Jahuel220,60.05
2026-01-19 22:00:00,Cardones220,47.27
2026-01-19 22:00:00,Ancoa220,59.01
2026-01-19 23:00:00,Crucero220,20.49
2026-01-19 23:00:00,Charrua220,49.78
2026-01-19 23:00:00,Alto Jahuel220,70.09
2026-01-19 23:00:00,Cardones220,35.63
2026-01-19 23:00:00,Ancoa220,42.13
2026-01-20 00:00:00,Crucero220,54.88
2026-01-20 00:00:00,Charrua220,60.11
2026-01-20 00:00:00,Alto Jahuel220,63.84
2026-01-20 00:00:00,Cardones220,42.22
2026-01-20 00:00:00,Ancoa220,61.67
2026-01-20 01:00:00,Crucero220,47.9
2026-01-20 01:00:00,Charrua220,65.58
2026-01-20 01:00:00,Alto Jahuel220,73.22
2026-01-20 01:00:00,Cardones220,47.77
2026-01-20 01:00:00,Ancoa220,45.36
2026-01-20 02:00:00,Crucero220,48.57
2026-01-20 02:00:00,Charrua220,69.13
2026-01-20 02:00:00,Alto Jahuel220,64.62
2026-01-20 02:00:00,Cardones220,36.59
2026-01-20 02:00:00,Ancoa220,67.32
2026-01-20 03:00:00,Crucero220,52.42
2026-01-20 03:00:00,Charrua220,80.58
2026-01-20 03:00:00,Alto Jahuel220,49.0
2026-01-20 03:00:00,Cardones220,35.94
2026-01-20 03:00:00,Ancoa220,55.55
2026-01-20 04:00:00,Crucero220,41.08
2026-01-20 04:00:00,Charrua220,52.88
2026-01-20 04:00:00,Alto Jahuel220,32.9
2026-01-20 04:00:00,Cardones220,36.52
2026-01-20 04:00:00,Ancoa220,60.95
2026-01-20 05:00:00,Crucero220,41.05
2026-01-20 05:00:00,Charrua220,75.48
2026-01-20 05:00:00,Alto Jahuel220,55.11
2026-01-20 05:00:00,Cardones220,50.33
2026-01-20 05:00:00,Ancoa220,60.09
2026-01-20 06:00:00,Crucero220,51.61
2026-01-20 06:00:00,Charrua220,62.23
2026-01-20 06:00:00,Alto Jahuel220,65.95
2026-01-20 06:00:00,Cardones220,40.45
2026-01-20 06:00:00,Ancoa220,61.97
2026-01-20 07:00:00,Crucero220,47.93
2026-01-20 07:00:00,Charrua220,57.69
2026-01-20 07:00:00,Alto Jahuel220,58.24
2026-01-20 07:00:00,Cardones220,57.88
2026-01-20 07:00:00,Ancoa220,55.84
2026-01-20 08:00:00,Crucero220,48.36
2026-01-20 08:00:00,Charrua220,70.06
2026-01-20 08:00:00,Alto Jahuel220,64.12
2026-01-20 08:00:00,Cardones220,40.09
2026-01-20 08:00:00,Ancoa220,38.93
2026-01-20 09:00:00,Crucero220,49.13
2026-01-20 09:00:00,Charrua220,42.24
2026-01-20 09:00:00,Alto Jahuel220,66.76
2026-01-20 09:00:00,Cardones220,41.36
2026-01-20 09:00:00,Ancoa220,66.0
2026-01-20 10:00:00,Crucero220,37.78
2026-01-20 10:00:00,Charrua220,47.58
2026-01-20 10:00:00,Alto Jahuel220,57.09
2026-01-20 10:00:00,Cardones220,39.73
2026-01-20 10:00:00,Ancoa220,54.07
2026-01-20 11:00:00,Crucero220,45.68
2026-01-20 11:00:00,Charrua220,82.14
2026-01-20 11:00:00,Alto Jahuel220,61.68
2026-01-20 11:00:00,Cardones220,48.4
2026-01-20 11:00:00,Ancoa220,64.75
2026-01-20 12:00:00,Crucero220,56.84
2026-01-20 12:00:00,Charrua220,58.48
2026-01-20 12:00:00,Alto Jahuel220,38.56
2026-01-20 12:00:00,Cardones220,38.49
2026-01-20 12:00:00,Ancoa220,64.49
2026-01-20 13:00:00,Crucero220,37.24
2026-01-20 13:00:00,Charrua220,58.59
2026-01-20 13:00:00,Alto Jahuel220,49.47
2026-01-20 13:00:00,Cardones220,52.02
2026-01-20 13:00:00,Ancoa220,64.0
2026-01-20 14:00:00,Crucero220,50.21
2026-01-20 14:00:00,Charrua220,64.97
2026-01-20 14:00:00,Alto Jahuel220,54.7
2026-01-20 14:00:00,Cardones220,41.58
2026-01-20 14:00:00,Ancoa220,48.52
2026-01-20 15:00:00,Crucero220,27.51
2026-01-20 15:00:00,Charrua220,61.2
2026-01-20 15:00:00,Alto Jahuel220,57.59
2026-01-20 15:00:00,Cardones220,49.67
2026-01-20 15:00:00,Ancoa220,70.57
2026-01-20 16:00:00,Crucero220,57.56
2026-01-20 16:00:00,Charrua220,52.02
2026-01-20 16:00:00,Alto Jahuel220,52.18
2026-01-20 16:00:00,Cardones220,43.84
2026-01-20 16:00:00,Ancoa220,78.26
2026-01-20 17:00:00,Crucero220,56.84
2026-01-20 17:00:00,Charrua220,68.96
2026-01-20 17:00:00,Alto Jahuel220,51.9
2026-01-20 17:00:00,Cardones220,32.93
2026-01-20 17:00:00,Ancoa220,64.31
2026-01-20 18:00:00,Crucero220,36.19
2026-01-20 18:00:00,Charrua220,58.09
2026-01-20 18:00:00,Alto Jahuel220,54.08
2026-01-20 18:00:00,Cardones220,52.74
2026-01-20 18:00:00,Ancoa220,55.16
2026-01-20 19:00:00,Crucero220,25.49
2026-01-20 19:00:00,Charrua220,64.04
2026-01-20 19:00:00,Alto Jahuel220,49.41
2026-01-20 19:00:00,Cardones220,40.34
2026-01-20 19:00:00,Ancoa220,57.31
2026-01-20 20:00:00,Crucero220,42.81
2026-01-20 20:00:00,Charrua220,66.32
2026-01-20 20:00:00,Alto Jahuel220,42.74
2026-01-20 20:00:00,Cardones220,35.86
2026-01-20 20:00:00,Ancoa220,63.47
2026-01-20 21:00:00,Crucero220,40.09
2026-01-20 21:00:00,Charrua220,47.13
2026-01-20 21:00:00,Alto Jahuel220,60.35
2026-01-20 21:00:00,Cardones220,48.98
2026-01-20 21:00:00,Ancoa220,57.64
2026-01-20 22:00:00,Crucero220,29.31
2026-01-20 22:00:00,Charrua220,65.65
2026-01-20 22:00:00,Alto Jahuel220,41.72
2026-01-20 22:00:00,Cardones220,42.47
2026-01-20 22:00:00,Ancoa220,50.9
2026-01-20 23:00:00,Crucero220,35.72
2026-01-20 23:00:00,Charrua220,56.46
2026-01-20 23:00:00,Alto Jahuel220,53.53
2026-01-20 23:00:00,Cardones220,34.85
2026-01-20 23:00:00,Ancoa220,62.71
2026-01-21 00:00:00,Crucero220,41.43
2026-01-21 00:00:00,Charrua220,67.84
2026-01-21 00:00:00,Alto Jahuel220,57.25
2026-01-21 00:00:00,Cardones220,34.42
2026-01-21 00:00:00,Ancoa220,51.07
2026-01-21 01:00:00,Crucero220,31.82
2026-01-21 01:00:00,Charrua220,62.33
2026-01-21 01:00:00,Alto Jahuel220,52.16
2026-01-21 01:00:00,Cardones220,21.02
2026-01-21 01:00:00,Ancoa220,53.71
2026-01-21 02:00:00,Crucero220,37.79
2026-01-21 02:00:00,Charrua220,72.61
2026-01-21 02:00:00,Alto Jahuel220,41.38
2026-01-21 02:00:00,Cardones220,28.47
2026-01-21 02:00:00,Ancoa220,66.88
2026-01-21 03:00:00,Crucero220,55.85
2026-01-21 03:00:00,Charrua220,54.04
2026-01-21 03:00:00,Alto Jahuel220,49.94
2026-01-21 03:00:00,Cardones220,44.93
2026-01-21 03:00:00,Ancoa220,39.38
2026-01-21 04:00:00,Crucero220,30.11
2026-01-21 04:00:00,Charrua220,57.75
2026-01-21 04:00:00,Alto Jahuel220,67.4
2026-01-21 04:00:00,Cardones220,36.51
2026-01-21 04:00:00,Ancoa220,58.81
2026-01-21 05:00:00,Crucero220,54.07
2026-01-21 05:00:00,Charrua220,76.86
2026-01-21 05:00:00,Alto Jahuel220,50.39
2026-01-21 05:00:00,Cardones220,39.87
2026-01-21 05:00:00,Ancoa220,72.58
2026-01-21 06:00:00,Crucero220,32.82
2026-01-21 06:00:00,Charrua220,68.22
2026-01-21 06:00:00,Alto Jahuel220,46.85
2026-01-21 06:00:00,Cardones220,40.82
2026-01-21 06:00:00,Ancoa220,56.06
2026-01-21 07:00:00,Crucero220,37.34
2026-01-21 07:00:00,Charrua220,52.14
2026-01-21 07:00:00,Alto Jahuel220,57.21
2026-01-21 07:00:00,Cardones220,47.96
2026-01-21 07:00:00,Ancoa220,56.96
2026-01-21 08:00:00,Crucero220,45.56
2026-01-21 08:00:00,Charrua220,64.57
2026-01-21 08:00:00,Alto Jahuel220,47.23
2026-01-21 08:00:00,Cardones220,45.92
2026-01-21 08:00:00,Ancoa220,64.55
2026-01-21 09:00:00,Crucero220,65.83
2026-01-21 09:00:00,Charrua220,56.99
2026-01-21 09:00:00,Alto Jahuel220,51.34
2026-01-21 09:00:00,Cardones220,46.15
2026-01-21 09:00:00,Ancoa220,64.55
2026-01-21 10:00:00,Crucero220,40.72
2026-01-21 10:00:00,Charrua220,56.77
2026-01-21 10:00:00,Alto Jahuel220,59.33
2026-01-21 10:00:00,Cardones220,33.38
2026-01-21 10:00:00,Ancoa220,54.72
2026-01-21 11:00:00,Crucero220,45.72
2026-01-21 11:00:00,Charrua220,67.97
2026-01-21 11:00:00,Alto Jahuel220,50.16
2026-01-21 11:00:00,Cardones220,25.26
2026-01-21 11:00:00,Ancoa220,42.67
2026-01-21 12:00:00,Crucero220,34.92
2026-01-21 12:00:00,Charrua220,49.49
2026-01-21 12:00:00,Alto Jahuel220,53.76
2026-01-21 12:00:00,Cardones220,30.49
2026-01-21 12:00:00,Ancoa220,52.38
2026-01-21 13:00:00,Crucero220,38.81
2026-01-21 13:00:00,Charrua220,56.48
2026-01-21 13:00:00,Alto Jahuel220,65.58
2026-01-21 13:00:00,Cardones220,45.3
2026-01-21 13:00:00,Ancoa220,58.13
2026-01-21 14:00:00,Crucero220,41.31
2026-01-21 14:00:00,Charrua220,56.53
2026-01-21 14:00:00,Alto Jahuel220,57.62
2026-01-21 14:00:00,Cardones220,44.67
2026-01-21 14:00:00,Ancoa220,50.74
2026-01-21 15:00:00,Crucero220,45.29
2026-01-21 15:00:00,Charrua220,43.75
2026-01-21 15:00:00,Alto Jahuel220,56.69
2026-01-21 15:00:00,Cardones220,46.1
2026-01-21 15:00:00,Ancoa220,55.76
2026-01-21 16:00:00,Crucero220,59.53
2026-01-21 16:00:00,Charrua220,52.95
2026-01-21 16:00:00,Alto Jahuel220,56.74
2026-01-21 16:00:00,Cardones220,39.71
2026-01-21 16:00:00,Ancoa220,57.2
2026-01-21 17:00:00,Crucero220,44.09
2026-01-21 17:00:00,Charrua220,60.86
2026-01-21 17:00:00,Alto Jahuel220,61.78
2026-01-21 17:00:00,Cardones220,51.02
2026-01-21 17:00:00,Ancoa220,57.98
2026-01-21 18:00:00,Crucero220,51.52
2026-01-21 18:00:00,Charrua220,54.39
2026-01-21 18:00:00,Alto Jahuel220,61.13
2026-01-21 18:00:00,Cardones220,33.9
2026-01-21 18:00:00,Ancoa220,66.73
2026-01-21 19:00:00,Crucero220,62.69
2026-01-21 19:00:00,Charrua220,59.02
2026-01-21 19:00:00,Alto Jahuel220,37.46
2026-01-21 19:00:00,Cardones220,35.62
2026-01-21 19:00:00,Ancoa220,67.86
