barra_codigo,barra_nombre,region
A.BLANCAS_____013,BA S/E ARENAS BLANCAS 15KV,Desconocida
A.BLANCAS_____066,BA S/E ARENAS BLANCAS 66KV B1,Desconocida
A.CLARAS______066,,Desconocida
A.DERIBERA____066,BA S/E ALONSO DE RIBERA 66KV BP1,Desconocida
A.DERIBERA____154,BA S/E ALONSO DE RIBERA 154KV BP1,Desconocida
A.HOSPICIO____013,BA S/E ALTO HOSPICIO 13.8KV,Desconocida
A.HOSPICIO____110,BA S/E ALTO HOSPICIO 110KV,Desconocida
A.JAHUEL2_____220,BA S/E ALTO JAHUEL 220KV BP2,Metropolitana
A.JAHUEL______066,BA S/E ALTO JAHUEL 66KV,Metropolitana
A.JAHUEL______110,BA S/E ALTO JAHUEL 110KV BP1,Metropolitana
A.JAHUEL______154,BA S/E ALTO JAHUEL 154KV BP,Metropolitana
A.JAHUEL______220,BA S/E ALTO JAHUEL 220KV BP1,Metropolitana
A.MELIP_______110,BA S/E ALTO MELIPILLA 110KV BP1,Desconocida
A.MELIP_______220,BA S/E ALTO MELIPILLA 220KV BP1 [NO_MOSTRAR],Desconocida
A.NEGRAS______066,BA S/E AGUAS NEGRAS B1 66KV,Desconocida
A.SANTA_______110,BA S/E AGUA SANTA 110KV BP1,Desconocida
A.SANTA_______220,BA S/E AGUA SANTA 220KV BP1,Desconocida
ACHUPALLAS____110,BA S/E TAP OFF ACHUPALLAS 110kV BP1,Desconocida
ACONCAGUA_1___012,BA S/E ACONCAGUA 12KV,Desconocida
ACONCAGUA_2___012,,Desconocida
ACONCAGUA_____066,BA S/E ACONCAGUA 66KV,Desconocida
ACONCAGUA_____110,BA S/E ACONCAGUA 110KV BP1,Desconocida
AG.BLANCAS____013,BA S/E AGUAS BLANCAS 13.8KV,Desconocida
AG.BLANCAS____066,BA S/E AGUAS BLANCAS 66KV [NO_MOSTRAR],Desconocida
AGUILA________066,BA S/E MONTE AGUILA (FFCC) 66KV BP1,Desconocida
AIHUAPI_______013,BA S/E AIHUAPI 13.8KV,Desconocida
AIHUAPI_______066,BA S/E AIHUAPI 66KV,Desconocida
AIHUAPI_______110,BA S/E AIHUAPI 110KV BP1,Desconocida
AJAHUEL_______500,BA S/E ALTO JAHUEL 500KV BPA,Metropolitana
ALAMEDA_______015,BA S/E ALAMEDA 15KV C1,Desconocida
ALAMEDA_______066,BA S/E ALAMEDA 66KV T1,Desconocida
ALCONES_______023,BA S/E ALCONES BARRA 1 23KV,Desconocida
ALCONES_______066,BA S/E ALCONES BARRA 66KV BP1-1 [NO_MOSTRAR],Desconocida
ALFALFAL______110,,Desconocida
ALFALFAL______220,BA S/E CENTRAL ALFALFAL 220KV BP1,Desconocida
ALGARR.NORTE__013,BA S/E ALGARROBO NORTE 12kV BP1,Desconocida
ALGARR.NORTE__066,BA S/E ALGARROBO NORTE 66kV BP1,Desconocida
ALGARROBAL____220,BA S/E ALGARROBAL 220KV BP1,Desconocida
ALGARROBO_____110,BA S/E ALGARROBO 110KV BP1,Desconocida
ALHUE_________023,BA S/E ALHUE 23KV,Desconocida
ALHUE_________066,BA S/E ALHUE 66KV,Desconocida
ALMEYDA_______033,BA S/E ALMEYDA BP1 33KV,Desconocida
ALMEYDA_______220,,Desconocida
ALTAMIRANO____013,BA S/E ALTAMIRANO 12KV BP1,Desconocida
ALTAMIRANO____110,BA S/E ALTAMIRANO 110KV BP1,Desconocida
ALTODCARMEN___013,BA S/E ALTO DEL CARMEN 13.8KV BP1-S1,Desconocida
ALTODCARMEN___110,BA S/E ALTO DEL CARMEN 110KV BP1,Desconocida
ALTONORTE_____110,BA S/E ALTO NORTE 110KV BP,Desconocida
ALTO_BONITO___023,BA S/E ALTO BONITO 23kV BP1-1,Desconocida
ALTO_BONITO___110,BA S/E ALTO BONITO 110KV BP1,Desconocida
ALTO_MAIPO____110,,Metropolitana
AMARGA________220,BA S/E AGUA AMARGA 220kV BP1,Desconocida
ANA_MARIA_____220,BA S/E ANA MARIA 220KV BP1,Desconocida
ANCOA_________013,BA S/E ANCOA 13.8KV,Desconocida
ANCOA_________220,BA S/E ANCOA 220KV BP1,Desconocida
ANCOA_________500,BA S/E ANCOA 500KV BP1,Desconocida
ANCUD_________013,BA S/E ANCUD 23KV,Desconocida
ANCUD_________110,BA S/E ANCUD 110KV BP1,Desconocida
ANDACOLLO_____013,BA S/E ANDACOLLO 13.8KV BP1,Desconocida
ANDACOLLO_____066,BA S/E ANDACOLLO 66KV BP1,Desconocida
ANDALIEN______013,BA S/E ANDALIEN 15KV C1,Desconocida
ANDALIEN______066,BA S/E ANDALIEN 66KV SECCION 1,Desconocida
ANDES_SNG_____023,BA S/E ANDES 23KV ( BESS ),Desconocida
ANDES_SNG_____220,BA S/E ANDES (AES ANDES) 220KV BP1,Desconocida
ANDES_SNG_____345,BA S/E ANDES (AES ANDES) 345KV BP1,Desconocida
ANDES_________013,BA S/E ANDES 12KV BP4,Desconocida
ANDES_________110,BA S/E ANDES 110KV BP1,Desconocida
ANGAMOS_______220,BA S/E ANGAMOS 220KV BP1,Desconocida
ANGOL_________013,BA S/E ANGOL 13.2KV,La Araucanía
ANGOL_________023,BA S/E ANGOL 23KV B1,La Araucanía
ANGOL_________066,BA S/E ANGOL 66 kV BP1,La Araucanía
ANGOSTURA_____013,,Desconocida
ANGOSTURA_____220,BA S/E GIS ANGOSTURA 220KV,Desconocida
ANTILLANCA____066,,Desconocida
ANTILLANCA____110,BA S/E ANTILLANCA 110KV BP1,Desconocida
ANTILLANCA____220,BA S/E ANTILLANCA 220KV BP1,Desconocida
ANTOFAGASTA___013,BA S/E ANTOFAGASTA 13.8KV BP1,Antofagasta
ANTOFAGASTA___110,BA S/E ANTOFAGASTA 110KV BP1,Antofagasta
ANTUCOYA______023,BA S/E ANTUCOYA 23KV BP,Desconocida
ANTUCOYA______220,BA S/E ANTUCOYA 220KV BP,Desconocida
ANTUCO________013,BA S/E ANTUCO 13.8KV B1 SECCION 1,Desconocida
ANTUCO________220,BA S/E ANTUCO (TRANSELEC) 220KV BP1-1,Desconocida
APOQUINDO_____013,BA S/E APOQUINDO 12.5KV BP1,Desconocida
APOQUINDO_____110,BA S/E APOQUINDO 110KV BP1,Desconocida
ARENA_________033,,Desconocida
ARENA_________220,,Desconocida
ARICA_________013,BA S/E ARICA 13.8KV-BP [NO_MOSTRAR],Arica y Parinacota
ARICA_________066,BA S/E ARICA 66KV BP1,Arica y Parinacota
ARICA_________110,BA S/E ARICA 110KV BP1,Arica y Parinacota
ARMAZONES_____023,BA S/E ARMAZONES 23KV BP1,Desconocida
ARMAZONES_____066,,Desconocida
ARMERILLO_____066,,Desconocida
ARMERILLO_____220,,Desconocida
ARR.PETROQ.___154,,Desconocida
ARRIERO_______033,BA S/E EL ARRIERO 33KV BP,Desconocida
ARRIERO_______220,BA S/E EL ARRIERO 220KV BP,Desconocida
ATACAMA_______023,BA S/E ATACAMA 23KV BP,Atacama
ATACAMA_______220,BA S/E ATACAMA 220KV BP1,Atacama
AURORA________220,BA S/E CENTRAL PARQUE EOLICO AURORA B1,Desconocida
A_DE_CORDOVA__013,BA S/E ALONSO DE CORDOVA 17.5KV BP1,Desconocida
A_DE_CORDOVA__110,BA S/E ALONSO DE CORDOVA 110KV BP1,Desconocida
A_____________100,BA S/E A 100KV BP1,Desconocida
B.BLANCO______023,BA S/E BARRO BLANCO 23KV BP,Desconocida
B.BLANCO______066,BA S/E BARRO BLANCO 66KV BP-1,Desconocida
B.BLANCO______110,,Desconocida
B.BLANCO______220,BA S/E BARRO BLANCO 220KV,Desconocida
BALANDRAS_____013,BA S/E LAS BALANDRAS 12kV BP1,Desconocida
BALANDRAS_____066,BA S/E LAS BALANDRAS 66kV BP1,Desconocida
BARRILES______220,BA S/E TAP OFF BARRILES 220KV BP,Desconocida
BATUCO________013,BA S/E BATUCO 23KV BA1,Desconocida
BATUCO________110,BA S/E BATUCO 110KV BP1,Desconocida
BELLAVISTA____066,,Desconocida
BICENTENARIO__013,BA S/E BICENTENARIO 13.2KV BP1,Desconocida
BICENTENARIO__110,BA S/E BICENTENARIO 110KV BP1,Desconocida
BJOSDMNA______012,BA S/E BAJOS DE MENA 15 kV BP1,Desconocida
BJOSDMNA______110,BA S/E BAJOS DE MENA 110 kV BP1,Desconocida
BOCAMINA_II___220,BA S/E BOCAMINA II JBP [NO_MOSTRAR],Desconocida
BOCAMINA______004,BA S/E BOCAMINA CBP [No_Mostrar],Desconocida
BOCAMINA______066,BA S/E BOCAMINA BBP [No_Mostrar],Desconocida
BOCAMINA______154,BA S/E CENTRAL BOCAMINA I 154KV BP1 [No_Mostrar],Desconocida
BOLERO________220,BA S/E BOLERO 220KV BP,Desconocida
BOLLENAR______013,BA S/E BOLLENAR 13.2KV BP1,Desconocida
BOLLENAR______110,BA S/E BOLLENAR 110KV BP1,Desconocida
BOMBEO2_______004,BA S/E TAP OFF ESTACION DE BOMBEO N°2 4.16KV,Desconocida
BOMBEO2_______220,BA S/E TAP OFF ESTACION DE BOMBEO N°2 220KV [NO_MOSTRAR],Desconocida
BOMBEO3_______004,BA S/E TAP OFF ESTACION DE BOMBEO N°3 4.16KV,Desconocida
BOMBEO3_______220,BA S/E TAP OFF ESTACION DE BOMBEO N°3 220KV [NO_MOSTRAR],Desconocida
BOMBEO4_______004,BA S/E TAP OFF ESTACION DE BOMBEO N°4 4.16KV,Desconocida
BOMBEO4_______220,BA S/E TAP OFF ESTACION DE BOMBEO N°4 220KV [NO_MOSTRAR],Desconocida
BOSQUEMAR_____012,BA S/E BOSQUEMAR 12kV BP1,Desconocida
BOSQUEMAR_____110,BA S/E BOSQUEMAR 110kV BP1,Desconocida
BRASIL________013,BA S/E BRASIL 12.5KV BP1,Desconocida
BRASIL________110,BA S/E BRASIL 110KV BP1,Desconocida
BUCALEMU______066,BA S/E BUCALEMU 66KV [NO_MOSTRAR],Desconocida
BUIN__________013,BA S/E BUIN (ENEL TRANSMISION) 13.2KV,Desconocida
BUIN__________066,BA S/E BUIN (CGE) 66KV T1,Desconocida
BUIN__________110,BA S/E BUIN (ENEL TRANSMISION) 110KV BP1,Desconocida
BUIN__________220,BA S/E BUIN (ENEL TRANSMISION) 220KV BAUX,Desconocida
C.A_RENAICO___023,BA S/E PARQUE EOLICO RENAICO 33KV BP2,Desconocida
C.BIOBIO______066,BA S/E CEMENTOS BIO BIO 66KV,Biobío
C.CALERA1_____062,BA S/E CERRO CALERA 60KV,Desconocida
C.CALERA1_____110,BA S/E CERRO CALERA 110KV BP1,Desconocida
C.CHENA2______220,BA S/E CHENA 220KV BP2 (AIS),Desconocida
C.CHENA_______110,BA S/E CHENA 110KV BP1,Desconocida
C.CHENA_______220,BA S/E CHENA 220KV BT1,Desconocida
C.COMBARBALA__023,BA S/E CENTRAL COMBARBALA BP 23KV,Desconocida
C.COMBARBALA__110,,Desconocida
C.CONSTIT1____023,BA S/E CENTRAL CONSTITUCION 23KV,Desconocida
C.CORRENTOSO__013,"BA S/E CENTRAL CORRENTOSO 13,2KV B1",Desconocida
C.DOMINADOR___220,BA S/E CERRO DOMINADOR 220KV BP,Desconocida
C.DRAGON______013,BA S/E CERRO DRAGON 13.8KV,Desconocida
C.DRAGON______110,BA S/E CERRO DRAGON 110KV,Desconocida
C.HUICHAHUE___220,BA S/E CERROS DE HUICHAHUE 220KV BP1,Desconocida
C.NAVIA_______110,BA S/E CERRO NAVIA 110KV BP1,Metropolitana
C.NAVIA_______220,BA S/E CERRO NAVIA 220KV BP1,Metropolitana
C.PABELLON____220,BA S/E CERRO PABELLON 220KV BP,Desconocida
C.PALMAR______013,"BA S/E CENTRAL PALMAR 13,2KV B1",Desconocida
C.PINTO_______220,BA S/E CARRERA PINTO 220KV BT1,Desconocida
C.RENAICO_____023,BA S/E PARQUE EOLICO RENAICO 33KV BP1,Desconocida
C.SAN_ANDRES__023,BA S/E CENTRAL SAN ANDRES (SAN ANDRES SPA) 23KV BP1,Desconocida
C.SAN_ANDRES__220,BA S/E CENTRAL SAN ANDRES (HSA) 220KV BP1,Desconocida
CABILDO_______023,BA S/E CABILDO 23KV BP1,Desconocida
CABILDO_______110,BA S/E CABILDO 110KV BP1,Desconocida
CABRERO_______013,BA S/E CABRERO 13.2KV,Desconocida
CABRERO_______023,BA S/E CABRERO 23KV,Desconocida
CABRERO_______066,BA S/E CABRERO 66KV,Desconocida
CACHAPOAL_____013,BA S/E CACHAPOAL 15KV C1,Desconocida
CACHAPOAL_____066,BA S/E CACHAPOAL 15KV C2,Desconocida
CACHIYUYAL____220,BA S/E CACHIYUYAL 220KV BP,Desconocida
CAHUIZA_______220,BA S/E CAHUIZA 220kV BP1 [EN_REVISION],Desconocida
CAITAN________066,BA S/E CAITAN B1 66KV,Desconocida
CAITAN________220,,Desconocida
CALAMA________023,BA S/E CALAMA 23 kV BP1-S1,Antofagasta
CALAMA________110,BA S/E CALAMA 110 kV BP1,Antofagasta
CALAMA________220,BA S/E CALAMA NUEVA 220kV BP1,Antofagasta
CALBUCO_______013,BA S/E CALBUCO 23KV,Desconocida
CALBUCO_______110,BA S/E CALBUCO 110KV BP1,Desconocida
CALDERA_______013,BA S/E CALDERA 23KV B1,Desconocida
CALDERA_______110,BA S/E CALDERA 110KV BP1 [No_Mostrar],Desconocida
CALERA.C______062,BA S/E CALERA CENTRO 62KV,Desconocida
CALEU_________013,BA S/E CALEU 12KV BP1,Desconocida
CALEU_________044,BA S/E CALEU 44KV BP1,Desconocida
CALICHE_______220,BA S/E CALICHE 220kV B1 [En_Revision],Desconocida
CALLAO________023,BA S/E CENTRAL CALLAO 23KV BP1,Desconocida
CAMPO_LINDO1__033,BA S/E CAMPO LINDO 33KV BP1,Desconocida
CAMPO_LINDO2__033,BA S/E CAMPO LINDO 33KV BP2,Desconocida
CAMPO_LINDO___220,,Desconocida
CANAL_MELADO__110,,Desconocida
CANAL_MELADO__220,BA S/E CANAL MELADO 220KV BP1,Desconocida
CANCURA_______066,BA S/E SECCIONADORA CANCURA 66kV BT1 [EN_REVISION],Desconocida
CANDELARIA2___220,BA S/E CANDELARIA 220KV BP2,Desconocida
CANDELARIA____220,BA S/E CANDELARIA 220KV BP1,Desconocida
CANETE________023,BA S/E CANETE 23KV B.PRINCIPAL,Desconocida
CANETE________066,BA S/E CANETE 66KV,Desconocida
CANTERAS______023,BA S/E LAS CANTERAS 23KV BP1,Desconocida
CANTERAS______110,BA S/E LAS CANTERAS 110KV BP1,Desconocida
CANUTILLAR____013,BA S/E CENTRAL CANUTILLAR 13.8KV B1,Desconocida
CANUTILLAR____220,BA S/E CANUTILLAR 220KV BP1-1,Desconocida
CAPRICORNIO___110,BA S/E CAPRICORNIO 110KV BP,Desconocida
CAPRICORNIO___220,BA S/E CAPRICORNIO 220KV BP1 [NO_MOSTRAR],Desconocida
CAPULLO_______066,BA S/E CAPULLO 66KV,Desconocida
CARAMPANGUE___013,BA S/E CARAMPANGUE 13.2KV,Desconocida
CARAMPANGUE___023,BA S/E CARAMPANGUE 23KV,Desconocida
CARAMPANGUE___066,BA S/E CARAMPANGUE 66KV,Desconocida
CARDONAL______023,BA S/E CARDONAL 23kV BP1,Desconocida
CARDONAL______110,BA S/E CARDONAL 110kV BP1,Desconocida
CARDONES______110,BA S/E CARDONES 110KV BP1-1,Atacama
CARDONES______220,BA S/E CARDONES 220KV BP1-1,Atacama
CAREBAJO______023,BA S/E CAREN BAJO 23KV,Desconocida
CARENA________044,BA S/E CARENA 44KV,Desconocida
CARRASCAL_____012,BA S/E CARRASCAL 12KV BP1,Desconocida
CARRASCAL_____110,BA S/E CARRASCAL 110KV BP1,Desconocida
CASABLANCA____013,BA S/E CASABLANCA 12kV BP1,Desconocida
CASABLANCA____066,BA S/E CASABLANCA 66kV BP1,Desconocida
CASASVIEJAS___023,BA S/E CASAS VIEJAS 13.2KV,Desconocida
CASASVIEJAS___110,BA S/E CASAS VIEJAS 110KV,Desconocida
CASERONES_____220,BA S/E CASERONES 220KV BP1-1,Desconocida
CASTILLA______023,BA S/E CASTILLA 23KV,Desconocida
CASTILLA______110,BA S/E CASTILLA 110KV BP1,Desconocida
CASTRO________023,BA S/E CASTRO 23KV,Los Lagos
CASTRO________110,BA S/E CASTRO 110KV BP1,Los Lagos
CATEMU________013,BA S/E CATEMU 12kV BP1,Desconocida
CATEMU________044,BA S/E CATEMU 44kV BP1,Desconocida
CAUQUENES_____013,BA S/E CAUQUENES 13.2KV BP1,Desconocida
CAUQUENES_____066,BA S/E CAUQUENES 66KV,Desconocida
CAUTIN________220,BA S/E CAUTIN 220KV BP1,Desconocida
CD.ARICA______013,BA S/E CENTRAL DIESEL ARICA 13.8KV BP1,Arica y Parinacota
CD.ARICA______066,BA S/E CENTRAL DIESEL ARICA 66KV BP1,Arica y Parinacota
CD.IQUIQUE____013,BA S/E CENTRAL DIESEL IQUIQUE 13.8KV BP1 [NO_MOSTRAR],Tarapacá
CD.IQUIQUE____066,BA S/E CENTRAL DIESEL IQUIQUE 66KV [NO_MOSTRAR],Tarapacá
CD.TAMAYA_____110,BA S/E CENTRAL DIESEL TAMAYA 110KV BP,Desconocida
CELPACIFICO___013,BA S/E CELULOSA PACIFICO 13.2KV B1,Desconocida
CELPACIFICO___220,BA S/E CELULOSA PACIFICO 220KV BP1,Desconocida
CENTELLA______220,BA S/E CENTELLA 220kV BP1,Desconocida
CENTINELA_____220,BA S/E CENTINELA 220KV BP1 (AIS),Desconocida
CENTRAL_ELEC__013,,Desconocida
CENTRAL_ELEC__023,,Desconocida
CENTRO________023,BA S/E CENTRO 23KV,Desconocida
CENTRO________110,BA S/E CENTRO 110KV BP,Desconocida
CERRILLOS_____013,BA S/E CERRILLOS 23KV,Desconocida
CERRILLOS_____110,BA S/E CERRILLOS 110KV BP1,Desconocida
CERROCOLORADO_110,BA S/E CERRO COLORADO 110KV,Desconocida
CERRONEGRONOR_220,BA S/E CERRO NEGRO NORTE 220KV BP1,Desconocida
CERRO_CHEPE1__066,BA S/E TAP OFF CERRO CHEPE 66 kV BP1-S2 [NO_MOSTRAR],Desconocida
CERRO_CHEPE2__066,BA S/E TAP OFF CERRO CHEPE 66 kV BP1-S1 [NO_MOSTRAR],Desconocida
CHACABUCO_____013,BA S/E CHACABUCO 12.5KV BP1,Desconocida
CHACABUCO_____023,BA S/E CHACABUCO 23KV BP2,Desconocida
CHACABUCO_____110,BA S/E CHACABUCO 110KV BP1,Desconocida
CHACAHUIN_____013,BA S/E CHACAHUIN 15KV BP1,Desconocida
CHACAHUIN_____066,BA S/E CHACAHUIN 66KV,Desconocida
CHACAYA2______110,BA S/E CHACAYA 110KV BP2,Desconocida
CHACAYA_______004,,Desconocida
CHACAYA_______110,BA S/E CHACAYA 110KV BP1,Desconocida
CHACAYA_______220,BA S/E CHACAYA 220KV BP1,Desconocida
CHACA_________220,,Desconocida
CHAGRES_______110,BA S/E FUNDICION CHAGRES 110KV BP1,Desconocida
CHAGUAL_______023,BA S/E CENTRAL CHAGUAL BP 23KV,Desconocida
CHAGUAL_______220,,Desconocida
CHANARAL______023,BA S/E CHAÑARAL 23KV,Desconocida
CHAPIQUINA____013,BA S/E CENTRAL CHAPIQUIÑA 13.2KV [NO_MOSTRAR],Arica y Parinacota
CHAPIQUINA____066,BA S/E CENTRAL CHAPIQUIÑA 66KV BP1,Arica y Parinacota
CHARRUA_______013,BA S/E CHARRUA 13.2KV,Biobío
CHARRUA_______066,BA S/E CHARRUA 66KV BP1,Biobío
CHARRUA_______154,BA S/E CHARRUA 154KV BP1,Biobío
CHARRUA_______220,BA S/E CHARRUA 220KV BP1-1,Biobío
CHARRUA_______500,BA S/E CHARRUA 500KV BP1-1,Biobío
CHCONDORES____013,,Desconocida
CHCONDORES____220,,Desconocida
CHICUREO______023,BA S/E CHICUREO 23KV BA1,Desconocida
CHICUREO______220,BA S/E CHICUREO 220KV BP1,Desconocida
CHIGUAYANTE___015,BA S/E CHIGUAYANTE 15KV,Biobío
CHIGUAYANTE___066,BA S/E CHIGUAYANTE 66KV B1,Biobío
CHILLAN_______013,BA S/E CHILLAN 13.2KV B1,Ñuble
CHILLAN_______066,BA S/E CHILLAN 66KV BP2,Ñuble
CHILLAN_______154,BA S/E CHILLAN 154 kV BP2 [NO_MOSTRAR],Ñuble
CHILOE________110,BA S/E CHILOE 110KV BP1,Los Lagos
CHILOE________220,BA S/E CHILOE 220KV BP1,Los Lagos
CHIMBARONGO___013,BA S/E CHIMBARONGO 15KV B1,Desconocida
CHIMBARONGO___066,BA S/E CHIMBARONGO 66KV,Desconocida
CHIMBORAZO____220,BA S/E CHIMBORAZO 220KV BP1,Desconocida
CHINCHORRO____013,BA S/E CHINCHORRO 13.8KV BP1,Desconocida
CHINCHORRO____066,BA S/E CHINCHORRO 66KV BP1,Desconocida
CHIRRE________023,BA S/E CHIRRE 24KV BP1,Desconocida
CHIRRE________110,BA S/E CHIRRE 110KV BP1,Desconocida
CHIU_CHIU_____110,BA S/E CHIU CHIU 110KV BP2,Desconocida
CHIVILCAN_____013,BA S/E CHIVILCAN 15KV B1,Desconocida
CHIVILCAN_____066,BA S/E CHIVILCAN 66KV B1,Desconocida
CHOAPA________110,BA S/E CHOAPA 110KV BP1,Desconocida
CHOCALAN______013,BA S/E CHOCALAN 13.2KV,Desconocida
CHOCALAN______066,BA S/E CHOCALAN 66KV,Desconocida
CHOLGUAN______013,BA S/E CHOLGUAN (STS) 13.2KV BP,Desconocida
CHOLGUAN______066,,Desconocida
CHOLGUAN______220,BA S/E CHOLGUAN (STS) 220KV,Desconocida
CHOMECO_______220,,Desconocida
CHONCHI_______013,BA S/E CHONCHI 23KV,Desconocida
CHONCHI_______110,BA S/E CHONCHI 110KV BP1,Desconocida
CHUMAQUITO____013,BA S/E CHUMAQUITO 15KV BP1,Desconocida
CHUMAQUITO____066,BA S/E CHUMAQUITO 66KV BP1,Desconocida
CHUMPULLO_____066,BA S/E CHUMPULLO 66KV,Los Ríos
CHUQUICAMATA__100,BA S/E CHUQUICAMATA 100KV BP1,Desconocida
CHUQUICAMATA__220,BA S/E CHUQUICAMATA 220KV BP1,Desconocida
CHUSCHA_______110,,Desconocida
CIPRESES______154,BA S/E CENTRAL CIPRESES 154KV BP1,Desconocida
CIRUELITOS____013,BA S/E CIRUELITO 13.2KV,Desconocida
CIRUELITOS____033,,Desconocida
CIRUELOS______220,BA S/E CIRUELOS 220KV BP1,Desconocida
CKHURI________220,BA S/E CKHURI 220kV BP1 [EN_REVISION],Desconocida
CLEONES_1_____220,BA S/E CENTRAL PARQUE EOLICO CABO LEONES I 220KV BP1,Desconocida
CLUB_HIPICO___013,BA S/E CLUB HIPICO 12KV BP1,Desconocida
CLUB_HIPICO___110,BA S/E CLUB HIPICO 110KV BP1,Desconocida
CNTALTAL______015,,Desconocida
CNTALTAL______220,BA S/E CENTRAL PARQUE EOLICO TALTAL 220KV BP,Desconocida
COCHARCAS2____013,BA S/E COCHARCAS (CGE) 15KV,Desconocida
COCHARCAS_____013,BA S/E COCHARCAS 13.8KV,Desconocida
COCHARCAS_____066,BA S/E COCHARCAS (FFCC) 66KV,Desconocida
COCHRANE______220,BA S/E COCHRANE 220KV BP1,Desconocida
CODEGUA_______066,BA S/E CODEGUA 66kV BP1,Desconocida
CODEGUA_______110,BA S/E CODEGUA 110kV BP1-S1,Desconocida
COLACO________013,BA S/E COLACO 23KV B2,Desconocida
COLACO________066,BA S/E COLACO 66KV [NO_MOSTRAR],Desconocida
COLACO________110,BA S/E COLACO 110KV BP1,Desconocida
COLBUN2_______220,,Maule
COLBUN________013,BA S/E COLBUN 13.8KV BP1,Maule
COLBUN________220,BA S/E COLBUN 220KV BP1,Maule
COLCHAGUA_____015,BA S/E COLCHAGUA 15KV BP1,Desconocida
COLCHAGUA_____066,BA S/E COLCHAGUA 66KV,Desconocida
COLCURA_______015,BA S/E CARDONES 110KV BP2 [NO_MOSTRAR],Atacama
COLCURA_______066,,Desconocida
COLLAHUASI____220,BA S/E COLLAHUASI 220KV BP1,Desconocida
COLLIPULLI____013,BA S/E COLLIPULLI 13.2KV,Desconocida
COLLIPULLI____066,BA S/E COLLIPULLI 66KV,Desconocida
COLOCOLO______013,BA S/E COLO COLO 15KV,Desconocida
COLOCOLO______066,BA S/E COLO COLO 66KV,Desconocida
COLOSO________220,BA S/E COLOSO 220KV BP1,Desconocida
COMBARBALA____013,BA S/E COMBARBALA 13.2KV B1,Desconocida
COMBARBALA____066,BA S/E COMBARBALA 66KV,Desconocida
COMPANIA______013,BA S/E LAS COMPAÑIAS 13.2KV,Desconocida
COMPANIA______110,BA S/E LAS COMPAÑIAS 110KV BP1,Desconocida
CONCEPCION____066,BA S/E CONCEPCION (FFCC) 66KV,Biobío
CONCEPCION____154,BA S/E CONCEPCION 154KV BT1,Biobío
CONCEPCION____220,BA S/E CONCEPCION 220KV BP1,Biobío
CONCHI________220,BA S/E CONCHI 220KV BP,Desconocida
CONCON________013,BA S/E CONCON 12kV BP1,Desconocida
CONCON________110,BA S/E CONCON 110KV BP1,Desconocida
CONDORES______110,BA S/E CONDORES 110kV BP1,Desconocida
CONDORES______220,BA S/E CONDORES 220kV BP1,Desconocida
CONSTIT.______066,BA S/E CONSTITUCION 66KV BP1,Desconocida
CONSTIT1______023,BA S/E CONSTITUCION 23KV BP1,Desconocida
CONSTIT2______023,BA S/E CONSTITUCION 23KV BP2 [No_Mostrar],Desconocida
CONVENTOVIEJO_154,BA S/E SECCIONADORA CONVENTO VIEJO 154KV BP1,Desconocida
COPAYAPU______110,BA S/E COPAYAPU 110KV BP1,Desconocida
COPIAPO_______013,BA S/E COPIAPO 13.8KV B1,Atacama
COPIAPO_______110,BA S/E COPIAPO 110KV BP1,Atacama
COPIHUES______066,,Desconocida
COPIHUES______110,BA S/E COPIHUES 110KV BP1,Desconocida
CORONEL_______015,BA S/E CORONEL 15KV BP1,Desconocida
CORONEL_______066,BA S/E CORONEL 66KV BP1,Desconocida
CORONEL_______154,BA S/E CORONEL 154KV BP1,Desconocida
CORRALES______023,BA S/E CENTRAL CORRALES 23KV BP1,Desconocida
CORRAL________023,BA S/E CORRAL 13.2KV,Desconocida
CORRAL________066,BA S/E CORRAL 66KV,Desconocida
COSTANERA_____012,BA S/E COSTANERA 12KV,Desconocida
COSTANERA_____110,BA S/E COSTANERA 110KV BP1,Desconocida
CRUCEROSALAUX_220,,Antofagasta
CRUCERO_______220,BA S/E CRUCERO 220KV BP1,Antofagasta
CSP.C.DOMINAD_220,,Desconocida
CTIGRE________220,,Desconocida
CTR_MACHICURA_220,BA S/E CENTRAL MACHICURA 220KV BP1,Desconocida
CUMBRES_______220,BA S/E CUMBRE 220KV BP1,Desconocida
CUMBRES_______500,BA S/E CUMBRE 500KV BP1,Desconocida
CUNCO_________023,BA S/E CUNCO 23KV,Desconocida
CUNCO_________110,BA S/E CUNCO 110KV,Desconocida
CURACAUTIN____013,BA S/E CURACAUTIN 13.2KV BP1,Desconocida
CURACAUTIN____066,BA S/E CURACAUTIN 66KV BP1,Desconocida
CURACAVI______012,BA S/E CURACAVI 12KV BP1,Desconocida
CURACAVI______044,BA S/E CURACAVI 44KV B1,Desconocida
CURANILAHUEN__066,BA S/E CURANILAHUE NORTE 66KV BP1,Desconocida
CURANILAHUE___013,BA S/E CURANILAHUE 13.2KV,Desconocida
CURANILAHUE___066,BA S/E CURANILAHUE 66KV,Desconocida
CURICO2_______013,BA S/E CURICO 13.2KV BP1,Maule
CURICO________013,BA S/E CURICO 13.8KV BP1,Maule
CURICO________066,BA S/E CURICO 66KV B1,Maule
CURILLINQUE___154,BA S/E CURILLINQUE 154KV [NO_MOSTRAR],Desconocida
C_LAJA________220,BA S/E CENTRAL LAJA 1 220KV BP1,Desconocida
D.ALMAGRO1____220,,Desconocida
D.ALMAGRO_____023,BA S/E DIEGO DE ALMAGRO 23KV,Desconocida
D.ALMAGRO_____110,BA S/E DIEGO DE ALMAGRO 110KV BP1-1,Desconocida
D.ALMAGRO_____220,BA S/E DIEGO DE ALMAGRO 220KV BP1-1,Desconocida
D.AMIGOS______023,BA S/E DOS AMIGOS 23KV,Desconocida
D.AMIGOS______110,BA S/E DOS AMIGOS 110KV BP1,Desconocida
DALCAHUE______023,BA S/E DALCAHUE 23KV BP1,Desconocida
DALCAHUE______110,BA S/E DALCAHUE 110KV BP1,Desconocida
DAMASCAL______023,BA S/E DAMASCAL 23kV BP1-1,Desconocida
DAMASCAL______110,BA S/E DAMASCAL 110kV BT1,Desconocida
DEGAN_________013,BA S/E DEGAÑ 23KV B1,Desconocida
DEGAN_________110,BA S/E DEGAÑ 110KV [NO_MOSTRAR],Desconocida
DESALANT______110,BA S/E DESALANT 110KV BP,Desconocida
DEUCO_________013,BA S/E DEUCO 13.8KV,Desconocida
DEUCO_________066,BA S/E DEUCO 66KV,Desconocida
DICHAS________066,BA S/E LAS DICHAS 66kV BP1 [EN_REVISION,Desconocida
DICHAS________220,BA S/E LAS DICHAS 220kV BP1 [EN_REVISION],Desconocida
DOLE__________066,,Desconocida
DOMEYKO_______220,BA S/E DOMEYKO 220KV BP1,Desconocida
DONA_CARMEN___220,BA S/E DOÑA CARMEN 220KV,Desconocida
DONHUMBERTO___033,BA S/E DON HUMBERTO 36kV BP1,Desconocida
DONHUMBERTO___110,BA S/E DON HUMBERTO 110kV BP1,Desconocida
DON_GOYO______220,BA S/E DON GOYO 220KV BP2,Desconocida
DON_HECTOR____220,BA S/E DON HECTOR 220KV BP1,Desconocida
DUNAS_________007,"BA S/E LAS DUNAS 6,9kV BP1 [EN_REVISION]",Desconocida
DUNAS_________220,BA S/E LAS DUNAS 220kV BP1 GIS [EN_REVISION],Desconocida
DUQUECO_______023,BA S/E DUQUECO 23kV BP1,Desconocida
DUQUECO_______066,BA S/E DUQUECO 66kV BP1,Desconocida
DUQUECO_______220,BA S/E DUQUECO 220kV BP1,Desconocida
E.PENON_______013,BA S/E EL PEÑON 13.2KV C1,Desconocida
E.PENON_______023,BA S/E EL PEÑON 23KV,Desconocida
E.PENON_______066,BA S/E EL PEÑON 66KV,Desconocida
E.PENON_______110,BA S/E EL PEÑON 110KV BP2,Desconocida
E.SAUCE_______013,BA S/E EL SAUCE 13.2KV,Desconocida
E.SAUCE_______066,BA S/E EL SAUCE 66KV,Desconocida
EJERCITO______013,BA S/E EJERCITO 15KV B1,Desconocida
EJERCITO______066,BA S/E EJERCITO 66KV B1,Desconocida
EKA.CHILE_____154,BA S/E EKA CHILE 154KV BP1,Desconocida
EL.LLANO______220,BA S/E EL LLANO 220KV BP1,Desconocida
ELABRA________220,BA S/E EL ABRA 220KV BP2 (AIS),Desconocida
ELARRAYAN_____220,,Desconocida
ELAVELLANO____023,BA S/E EL AVELLANO 23KV,Desconocida
ELAVELLANO____066,BA S/E EL AVELLANO 66KV [No_Mostrar],Desconocida
ELCOBRE_______220,BA S/E EL COBRE (ENGIE) 220KV BP1,Desconocida
ELLAUREL______023,BA S/E EL LAUREL 23kV B1,Desconocida
ELLAUREL______066,BA S/E EL LAUREL 66kV BP1,Desconocida
ELLAUREL______220,BA S/E EL LAUREL 220KV BP1,Desconocida
ELMAITEN______013,BA S/E EL MAITEN 13.2KV,Desconocida
ELMAITEN______066,BA S/E EL MAITEN 66KV,Desconocida
ELMANZANO_____015,BA S/E EL MANZANO (CGE) 15KV BP1,Desconocida
ELMANZANO_____066,BA S/E EL MANZANO (CGE) 66KV BP1,Desconocida
ELMONTE_______013,BA S/E EL MONTE 13.2KV,Desconocida
ELMONTE_______066,BA S/E EL MONTE 66KV,Desconocida
ELPAICO_______013,BA S/E EL PAICO 13.2KV BP1,Desconocida
ELPAICO_______066,BA S/E EL PAICO 66KV BP1,Desconocida
ELPEUMO_______023,BA S/E EL PEUMO 23KV,Desconocida
ELPEUMO_______066,BA S/E EL PEUMO 66KV B1,Desconocida
ELSALADO______023,BA S/E EL SALADO 23KV,Desconocida
ELSALADO______110,BA S/E EL SALADO 110KV BP1,Desconocida
ELSALVADOR____012,BA S/E EL SALVADOR 12KV,Desconocida
ELSALVADOR____110,BA S/E EL SALVADOR 110KV BP1,Desconocida
ELVCAPRI______110,BA S/E ELEVADORA CAPRICORNIO 110KV B1,Desconocida
EL_LINCE______023,BA S/E EL LINCE 23KV BP,Desconocida
EL_LINCE______110,BA S/E EL LINCE 110KV BP,Desconocida
EL_MANZANO____023,BA S/E EL MANZANO (ENEL TRANSMISION) 23KV BP1,Desconocida
EL_MANZANO____033,BA S/E EL MANZANO (ENEL TRANSMISION) 33 KV BP1,Desconocida
EL_MANZANO____220,BA S/E EL MANZANO (ENEL TRANSMISION) 220KV BP1-1,Desconocida
EL_MELON______013,BA S/E EL MELON 12kV BP1,Desconocida
EL_MELON______044,BA S/E EL MELON 44kV BP1,Desconocida
EL_NEGRO______110,BA S/E TAP OFF EL NEGRO 110KV BP,Desconocida
EL_PASO_______023,,Desconocida
EL_PASO_______154,,Desconocida
EL_PASO_______220,BA S/E CENTRAL EL PASO 220KV BP1,Desconocida
EL_SALTO______110,BA S/E EL SALTO 110KV BP1-1,Desconocida
EL_SALTO______220,BA S/E EL SALTO 220KV BP1,Desconocida
EL_TORO_______220,BA S/E CENTRAL EL TORO 220KV BP1,Desconocida
EMPALME_______013,BA S/E EL EMPALME 23KV BP1,Desconocida
EMPALME_______110,BA S/E EL EMPALME 110KV BP1,Desconocida
ENACAR________013,BA S/E ENACAR 13.2KV [NO_MOSTRAR],Desconocida
ENACAR________066,BA S/E ENACAR 66KV [NO_MOSTRAR],Desconocida
ENAEX_________110,BA S/E CENTRAL DIESEL ENAEX 110KV,Desconocida
ENCUENTRO_____220,BA S/E ENCUENTRO 220KV BP1,Desconocida
ENL.MAITENES__110,BA S/E CENTRAL MAITENES 110KV BP2,Desconocida
ENLACE_SNG____220,NODO TAP OFF ENLACE 220KV LADO LINEA,Desconocida
ENLACE________066,BA S/E ENLACE 66KV,Desconocida
ENTRERIOS_____220,BA S/E ENTRE RIOS 220KV BP1,Desconocida
ENTRERIOS_____500,BA S/E ENTRE RIOS 500KV BP1,Desconocida
EPULEUFU______066,BA S/E EPULEUFU 66kV BP1 [EN_REVISION],Desconocida
EPULEUFU______220,BA S/E EPULEUFU 220kV BP1 [EN_REVISION],Desconocida
ESCONDIDA_____220,BA S/E ESCONDIDA 220KV BP1,Desconocida
ESCUADRON_____015,BA S/E ESCUADRON (CGE) 15KV,Desconocida
ESCUADRON_____066,BA S/E ESCUADRON (CGE) 66KV,Desconocida
ESMERALDA_____110,BA S/E ESMERALDA 110KV BP1,Desconocida
ESMERALDA_____220,BA S/E ESMERALDA 220KV BP1,Desconocida
ESPERANZA_SNG_023,BA S/E PARQUE EOLICO LA ESPERANZA 23KV,Desconocida
ESPERANZA_SNG_220,,Desconocida
ESPERANZA_____013,BA S/E LA ESPERANZA 13.2KV BP1,Desconocida
ESPERANZA_____062,BA S/E ESPERANZA (COLBUN) 66KV,Maule
ESPERANZA_____066,BA S/E LA ESPERANZA (CGE) 66KV [NO_MOSTRAR],Desconocida
ESPERANZA_____110,BA S/E ESPERANZA 110KV BP1,Desconocida
ESPERANZA_____220,BA S/E ESPERANZA (MINERA CENTINELA) 220KV BP,Desconocida
ESPIGA________023,,Desconocida
ESPINO________013,BA S/E EL ESPINO 13.2KV [NO_MOSTRAR],Desconocida
ESPINO________066,,Desconocida
EST1_IBRTACAM_220,,Desconocida
ESTANCILLA____044,BA S/E ESTANCILLA 44kV BP1,Desconocida
ESTEPA________220,,Desconocida
ESTN6_________066,,Desconocida
EST_248_______110,,Desconocida
EST_66________110,,Desconocida
EST_68________110,,Desconocida
EST_L1A2______220,,Desconocida
EST_L1A_______220,,Desconocida
EST_L1B2______220,,Desconocida
EST_L1B_______220,,Desconocida
EST_N4________220,,Desconocida
EUGENIO_______023,BA S/E DON EUGENIO 23kV BP1 [EN_REVISION],Desconocida
FARELLON______220,BA S/E FARELLON 220KV BP1,Desconocida
FATIMA1_______154,BA S/E FATIMA 154KV T1 [NO_MOSTRAR],Desconocida
FATIMA2_______154,BA S/E FATIMA 154KV T2 [NO_MOSTRAR],Desconocida
FATIMA________015,BA S/E FATIMA 15KV BP1,Desconocida
FATIMA________066,BA S/E FATIMA 66KV BT1,Desconocida
FATIMA________154,BA S/E FATIMA 154KV BP1,Desconocida
FFCC__________110,,Desconocida
FIBRANOVA_____066,BA S/E FIBRANOVA 66KV,Desconocida
FLORIDA_______012,BA S/E FLORIDA 12KV,Desconocida
FLORIDA_______110,BA S/E FLORIDA 110KV BP1,Desconocida
FOPACO________006,,Desconocida
FOPACO________015,,Desconocida
FOPACO________154,BA S/E FPC 154KV BP1,Desconocida
FORTUNA_______220,BA S/E FORTUNA 220KV BP,Desconocida
FRONTERA______220,BA S/E FRONTERA 220KV BP1,Desconocida
FRUTILLAR_____013,BA S/E FRUTILLAR 13.2KV,Desconocida
FRUTILLAR_____066,BA S/E FRUTILLAR 66KV BP1,Desconocida
FUENTECILLA___015,BA S/E FUENTECILLA 15 kV BP1,Desconocida
FUENTECILLA___066,BA S/E FUENTECILLA 66 kV BP1,Desconocida
FUTURO________033,BA S/E FUTURO 33KV B1,Desconocida
FUTURO________220,BA S/E FUTURO 220KV BP,Desconocida
FV_ATACAMA____220,BA S/E DESIERTO DE ATACAMA 220kV BP1 [EN_REVISION],Atacama
G.SOLAR_______033,BA S/E GRANJA SOLAR EB1 33KV,Desconocida
G.SOLAR_______220,BA S/E GRANJA SOLAR 220KV BP1,Desconocida
GABRIELA______033,BA S/E GABRIELA 33kV BP1 [EN_REVISION],Desconocida
GABRIELA______220,BA S/E GABRIELA 220kV BP1 [EN_REVISION],Desconocida
GABY__________220,BA S/E GABY 220KV BP,Desconocida
GALLEGUILLOS__110,BA S/E GALLEGUILLOS 110KV BP1,Desconocida
GAMBOA1_______110,BA S/E GAMBOA 110kV BP1,Desconocida
GAMBOA1_______220,BA S/E GAMBOA 220kV BP1,Desconocida
GAMBOA2_______110,BA S/E GAMBOA 110kV BP2,Desconocida
GAMBOA2_______220,BA S/E GAMBOA 220kV BP2,Desconocida
GEOGLIFOS_____220,BA S/E GEOGLIFOS 220KV BP1,Desconocida
GORBEA________013,"BA S/E GORBEA 13,2KV BP1",Desconocida
GORBEA________066,BA S/E GORBEA 66 kV BP1 [EN_REVISION],Desconocida
GRANEROS______015,BA S/E GRANEROS 15KV BP1,Desconocida
GRANEROS______066,BA S/E GRANEROS 66KV BP1,Desconocida
GUACOLDA______220,BA S/E CENTRAL GUACOLDA 220KV BP1-1,Desconocida
GUARDIAMARINA_013,"BA S/E GUARDIAMARINA 13,8KV BP1-1",Desconocida
GUARDIAMARINA_023,BA S/E GUARDIAMARINA 23KV BP1-1,Desconocida
GUARDIAMARINA_110,BA S/E GUARDIAMARINA 110KV BP1,Desconocida
GUAYACAN______013,BA S/E GUAYACAN 13.2KV C1,Desconocida
GUAYACAN______066,BA S/E GUAYACAN 66KV,Desconocida
H.FUENTES_____013,BA S/E HERNAN FUENTES 23KV,Desconocida
H.FUENTES_____110,BA S/E HERNAN FUENTES 110KV BP1,Desconocida
HORCONES______066,BA S/E HORCONES 66KV BP1,Desconocida
HOSPITAL______013,BA S/E HOSPITAL 15KV,Desconocida
HOSPITAL______066,BA S/E HOSPITAL 66KV,Desconocida
HUALANE_______013,BA S/E HUALAÑE 13.2KV,Desconocida
HUALANE_______066,BA S/E HUALAÑE 66KV,Desconocida
HUALPEN_______154,BA S/E HUALPEN 154KV BP1,Desconocida
HUALPEN_______220,BA S/E HUALPEN 220KV [NO_MOSTRAR],Desconocida
HUALQUI_______066,BA S/E HUALQUI 66KV BP1,Desconocida
HUALQUI_______220,BA S/E HUALQUI 220KV BP1,Desconocida
HUALTE________013,BA S/E HUALTE 13.2KV [NO_MOSTRAR],Desconocida
HUALTE________033,BA S/E HUALTE 33KV [NO_MOSTRAR],Desconocida
HUALTE________066,BA S/E HUALTE 66KV,Desconocida
HUASCO________013,BA S/E HUASCO 13.8KV B1 [NO_MOSTRAR],Desconocida
HUASCO________110,BA S/E HUASCO 110KV BP1-1,Desconocida
IBERATACAMA___220,BA S/E IBERATACAMA 220kV BP1,Atacama
IBERTALTAL____500,BA S/E IBERTALTAL 500kV BP1 [EN_REVISION],Desconocida
IEM___________023,BA S/E IEM 20KV GX,Desconocida
ILLAPA________220,BA S/E ILLAPA 220KV BP1,Desconocida
ILLAPEL_______023,BA S/E ILLAPEL 23KV BP1,Coquimbo
ILLAPEL_______066,BA S/E ILLAPEL 66 kV BP2 [NO_MOSTRAR],Coquimbo
ILLAPEL_______110,BA S/E ILLAPEL 110KV BP1,Coquimbo
IMPERIAL______013,BA S/E IMPERIAL 23KV,Desconocida
IMPERIAL______066,BA S/E IMPERIAL 66KV,Desconocida
INACESA_______023,BA S/E INACESA 23KV,Desconocida
INCAHUASI_____023,BA S/E INCAHUASI 23KV BP1,Desconocida
INCAHUASI_____110,BA S/E INCAHUASI 110KV BP1 [NO_MOSTRAR],Desconocida
INCA_DE_ORO___033,BA S/E INCA DE ORO 33 KV BP1,Desconocida
INCA_DE_ORO___220,,Desconocida
INDURA________066,BA S/E GRANEROS INDURA 66kV BP1 [No_Mostrar],Desconocida
IQUIQUE_______013,BA S/E IQUIQUE 13.8KV,Tarapacá
IQUIQUE_______066,BA S/E IQUIQUE 66KV BP,Tarapacá
ISLADMAIPO____013,BA S/E ISLA DE MAIPO 12KV C1,Metropolitana
ISLADMAIPO____066,BA S/E ISLA DE MAIPO 66KV BP1,Metropolitana
ISLA__________013,BA S/E ISLA DE MAIPO 12KV C3,Metropolitana
ISLA__________154,BA S/E ISLA 154KV [NO_MOSTRAR],Desconocida
ITAHUE________013,BA S/E ITAHUE 13.8KV,Desconocida
ITAHUE________066,BA S/E ITAHUE 66KV BP1 [No_Mostrar],Desconocida
ITAHUE________154,BA S/E ITAHUE 154KV BP1,Desconocida
ITAHUE________220,BA S/E ITAHUE 220KV [NO_MOSTRAR],Desconocida
JADRESIC______220,BA S/E JADRESIC 220kV BP1,Desconocida
JADRESIC______500,BA S/E JADRESIC 500kV BP1,Desconocida
JAVIERA_______110,BA S/E CENTRAL JAVIERA 110KV BP1,Desconocida
JORQUERA______023,BA S/E JORQUERA 23KV BP1,Desconocida
JORQUERA______220,BA S/E JORQUERA 220KV BP1,Desconocida
JUNCAL________013,BA S/E JUNCAL PORTILLO 12kV BP1,Desconocida
JUNCAL________044,BA S/E JUNCAL PORTILLO 44kV BP1,Desconocida
KAPATUR_______220,BA S/E KAPATUR 220KV BP1,Desconocida
KELAR_________220,BA S/E KELAR 220KV BP1,Desconocida
KIMAL_________220,BA S/E KIMAL 220KV BP1,Desconocida
KIMAL_________500,BA S/E KIMAL 500KV BA [NO_MOSTRAR],Desconocida
KIM_NVACH_AUX_220,,Desconocida
KM6___________100,BA S/E KM6 100KV BP1,Desconocida
L.ALMENDROS___110,BA S/E LOS ALMENDROS 110KV BP1,Desconocida
L.ALMENDROS___220,BA S/E LOS ALMENDROS 220KV BP1,Desconocida
L.ANGELES_____013,BA S/E LOS ANGELES (CGE) 15KV BP1-S2,Biobío
L.ANGELES_____066,BA S/E LOS ANGELES (CGE) 66KV BP1,Biobío
L.ANGELES_____154,BA S/E LOS ANGELES (CGE) 154KV BP1,Biobío
L.BAYAS_______220,BA S/E LOMAS BAYAS 220KV BP,Desconocida
L.CABRAS______013,BA S/E LAS CABRAS 15KV,Desconocida
L.CABRAS______066,BA S/E LAS CABRAS 66KV,Desconocida
L.CHANGOS_____220,BA S/E LOS CHANGOS 220KV BP1,Desconocida
L.CHANGOS_____500,BA S/E LOS CHANGOS 500KV BP1,Desconocida
L.COLOR1______110,BA S/E LOS COLORADOS 110KV BP1,Desconocida
L.COLORADAS___013,BA S/E LOMA COLORADA 15KV BP1,Desconocida
L.COLORADAS___066,BA S/E LOMA COLORADA 66KV,Desconocida
L.CONFLUENCIA_154,BA S/E CENTRAL LA CONFLUENCIA 220KV B1 [NO_MOSTRAR],Desconocida
L.CONFLUENCIA_220,BA S/E CENTRAL LA CONFLUENCIA 220KV BP1,Desconocida
L.ERMITA______220,BA S/E LA ERMITA 220KV,Desconocida
L.HIGUERA_____154,,Desconocida
L.HIGUERA_____220,BA S/E CENTRAL LA HIGUERA 220KV BP1,Desconocida
L.INDURA______066,BA S/E LIRQUEN INDURA 66kV BP1 [No_Mostrar],Desconocida
L.LAGOS2______013,"BA S/E LOS LAGOS 13,2kV BP2",Los Lagos
L.LAGOS_______013,BA S/E LOS LAGOS 13.2KV,Los Lagos
L.LAGOS_______066,BA S/E LOS LAGOS 66KV,Los Lagos
L.LAJA_COYA___023,BA S/E LA LAJA ENERGIA COYANCO BARRA 23KV,Desconocida
L.LAJA_COYA___110,BA S/E LA LAJA ENERGIA COYANCO 110KV BP1,Desconocida
L.LAJA________110,BA S/E TAP OFF LA LAJA 110KV BP1,Desconocida
L.LAJUELAS____033,,Desconocida
L.LIRIOS______066,BA S/E LOS LIRIOS (FFCC) 66KV,Desconocida
L.LOROS_______013,BA S/E LOS LOROS 23KV BP1,Desconocida
L.LOROS_______110,BA S/E LOS LOROS 110KV BP1,Desconocida
L.LUCES_______110,BA S/E LAS LUCES 110KV [NO_MOSTRAR],Desconocida
L.MAQUIS______110,BA S/E LOS MAQUIS 110KV SECCION 1,Desconocida
L.MAQUIS______220,BA S/E LOS MAQUIS 220KV BP1-1 (AIS),Desconocida
L.NEGROS2_____013,BA S/E LOS NEGROS 23KV,Desconocida
L.NEGROS2_____066,BA S/E CERRO NEGRO 12KV B2,Desconocida
L.NEGROS______013,,Desconocida
L.NEGROS______066,BA S/E LOS NEGROS 66KV B1,Desconocida
L.PALMAS______220,BA S/E LAS PALMAS 220KV BP1,Desconocida
L.QUILOS______066,BA S/E CENTRAL LOS QUILOS 66KV,Desconocida
L.QUILOS______110,BA S/E CENTRAL LOS QUILOS 110KV,Desconocida
L.UNION_______013,BA S/E LA UNION 13.8KV,Desconocida
L.UNION_______066,BA S/E LA UNION 66KV BP1,Desconocida
L.VEGAS2______110,BA S/E LAS VEGAS (CHILQUINTA) 110KV BP2,Desconocida
L.VEGAS_______013,BA S/E LAS VEGAS (CHILQUINTA) 12kV BP1,Desconocida
L.VEGAS_______044,BA S/E LAS VEGAS (CHILQUINTA) 44kV BP1,Desconocida
L.VEGAS_______110,BA S/E LAS VEGAS (CHILQUINTA) 110KV BP1,Desconocida
L.VERDE_______066,BA S/E CENTRAL LAGUNA VERDE 66kV BP1,Desconocida
L.VERDE_______110,BA S/E CENTRAL LAGUNA VERDE 110kV BP1,Desconocida
L.VILOS_______110,,Desconocida
L.VILOS_______220,BA S/E LOS VILOS 220KV BP1,Desconocida
L.VIZCACHAS___110,,Desconocida
LABERINTO_____220,BA S/E LABERINTO 220KV BP1,Desconocida
LACRUZ________220,BA S/E TAP OFF LA CRUZ 220KV BP,Desconocida
LAGUNAS_______023,BA S/E LAGUNAS 23KV BP1,Desconocida
LAGUNAS_______220,BA S/E LAGUNAS 220KV BP1,Desconocida
LAGUNILLAS____154,BA S/E LAGUNILLAS 154KV BP1,Desconocida
LAGUNILLAS____220,BA S/E LAGUNILLAS 220KV BP1,Desconocida
LAHUAYCA2_____066,BA S/E LA HUAYCA II 66KV,Desconocida
LAJA__________013,BA S/E LAJA 13.8KV,Desconocida
LAJA__________066,BA S/E LAJA 66KV BP1-1,Desconocida
LAJA__________220,BA S/E CELULOSA LAJA 220KV BP1,Desconocida
LALACKAMA_____033,BA S/E LALACKAMA 33KV B1,Desconocida
LALACKAMA_____220,BA TAP OFF LALACKAMA 220KV BP1,Desconocida
LAMANGA_______013,BA S/E LA MANGA 66KV,Desconocida
LAMANGA_______066,BA S/E LA MANGA 13.2KV,Desconocida
LAMISION______023,BA S/E LA MISION B1 23KV,Desconocida
LAMISION______066,BA S/E LA MISION B1 66KV,Desconocida
LAMPA_________023,BA S/E LAMPA 23KV BP2,Desconocida
LAMPA_________220,BA S/E LAMPA 220KV BP1,Desconocida
LANGELES______012,,Desconocida
LANGELES______044,BA S/E LOS ANGELES 44KV,Biobío
LAPALMA_______013,BA S/E LA PALMA 15KV BP1,Desconocida
LAPALMA_______066,BA S/E LA PALMA 66KV BP1,Desconocida
LAPORTADA_____023,BA S/E LA PORTADA 23KV BP1,Desconocida
LAPORTADA_____110,BA S/E LA PORTADA 110KV BP,Desconocida
LARONDA_______013,BA S/E LA RONDA 15KV,Desconocida
LARONDA_______066,BA S/E LA RONDA 66KV,Desconocida
LARQUI________023,BA S/E LARQUI 23KV BP1,Desconocida
LARQUI________066,BA S/E LARQUI 66KV BP1,Desconocida
LASANA________033,BA S/E LASANA 33KV BP,Desconocida
LASANA________220,BA S/E LASANA 220KV BT,Desconocida
LASARANAS_____013,BA S/E LAS ARAÑAS 13.2KV,Desconocida
LASARANAS_____066,BA S/E LAS ARAÑAS 66KV BP1,Desconocida
LASARANAS_____110,BA S/E LAS ARAÑAS 110KV BP1,Desconocida
LASENCINAS____015,BA S/E LAS ENCINAS 15KV B2,Desconocida
LASENCINAS____066,BA S/E LAS ENCINAS 66KV,Desconocida
LASJUNTAS_____023,BA S/E LAS JUNTAS 23KV,Desconocida
LASJUNTAS_____220,BA S/E LAS JUNTAS 220KV,Desconocida
LASRUMPAS_____110,,Desconocida
LASTARRIA_____066,BA S/E LASTARRIA 66 KV BP1,Desconocida
LASTARRIA_____220,BA S/E LASTARRIA 220 KV BP1,Desconocida
LASTORTOLAS___220,BA S/E LAS TORTOLAS 220KV BP1-1,Desconocida
LAS_ACACIAS___013,,Desconocida
LAS_ACACIAS___110,BA S/E LAS ACACIAS 110KV BP1,Desconocida
LAS_PIEDRAS___023,BA S/E CENTRAL LAS PIEDRAS 23KV BP1,Desconocida
LAS_PIEDRAS___110,,Desconocida
LAS_VIOLETAS__023,BA S/E LAS VIOLETAS 23KV BP1,Desconocida
LAS_VIOLETAS__066,BA S/E LAS VIOLETAS 66KV BP1,Desconocida
LATORRE_______013,BA S/E LATORRE 15KV C1,Desconocida
LATORRE_______066,BA S/E LATORRE 66KV B1,Desconocida
LAUTARO_______013,BA S/E LAUTARO 13.2KV BP1,Desconocida
LAUTARO_______023,BA S/E LAUTARO 23KV,Desconocida
LAUTARO_______066,BA S/E LAUTARO 66KV B1,Desconocida
LAVEGA________013,,Desconocida
LAVEGA________066,BA S/E LA VEGA 66KV,Desconocida
LA_CABANA_____033,BA S/E LA CABAÑA 33kV BP1,Desconocida
LA_CABANA_____220,,Desconocida
LA_CALERA_____013,BA S/E LA CALERA 12KV BP2,Desconocida
LA_CALERA_____044,BA S/E LA CALERA 44kV BP1,Desconocida
LA_CALERA_____110,BA S/E LA CALERA 110KV BP1,Desconocida
LA_CEBADA_____220,BA S/E CENTRAL LA CEBADA 220KV BP1,Desconocida
LA_CISTERNA___013,BA S/E LA CISTERNA 12KV BA1,Desconocida
LA_CISTERNA___110,BA S/E LA CISTERNA 110KV BP1,Desconocida
LA_DEHESA_____013,BA S/E LA DEHESA 12KV BA1,Desconocida
LA_DEHESA_____023,BA S/E LA DEHESA 23KV BA3,Desconocida
LA_DEHESA_____110,BA S/E LA DEHESA 110KV BP2,Desconocida
LA_ESTRELLA___110,BA S/E LA ESTRELLA 110KV BP1,Desconocida
LA_MINA_______066,BA S/E MINA 66KV B1,Desconocida
LA_PINTANA2___013,BA S/E LA PINTANA 12KV BP2,Desconocida
LA_PINTANA____013,BA S/E LA PINTANA 12KV BP1,Desconocida
LA_PINTANA____110,BA S/E LA PINTANA 110KV BP1,Desconocida
LA_POLVORA____110,BA S/E LA POLVORA 110KV BP1,Desconocida
LA_POLVORA____220,BA S/E LA POLVORA 220KV BP1,Desconocida
LA_REINA______013,BA S/E LA REINA 12KV BP1,Desconocida
LA_REINA______110,BA S/E LA REINA 110KV BP1,Desconocida
LA_RUCA_______110,BA S/E LA RUCA 110 KV BP1,Desconocida
LEBU2_________013,,Desconocida
LEBU__________013,BA S/E LEBU 13.2KV,Desconocida
LEBU__________066,BA S/E LEBU 66KV,Desconocida
LEYDA_________013,BA S/E LEYDA 13.2KV,Desconocida
LEYDA_________110,BA S/E LEYDA 110KV BP1,Desconocida
LICANCO_______013,,Desconocida
LICANCO_______066,BA S/E LICANCO 66KV,Desconocida
LICANTEN______013,BA S/E LICANTEN 13.2KV,Desconocida
LICANTEN______066,BA S/E LICANTEN 66KV,Desconocida
LICAN_________013,BA S/E CENTRAL LICAN 13.2KV,Desconocida
LIHUEIMO______013,BA S/E LIHUEIMO 13.2KV BP2 [EN_REVISION],Desconocida
LIHUEIMO______066,BA S/E LIHUEIMO 66KV BP1,Desconocida
LIN.NORTE_____013,BA S/E LINARES NORTE 13.2kV BP1,Maule
LIN.NORTE_____066,BA S/E LINARES NORTE 66kV BP1,Maule
LINARES_______013,BA S/E LINARES 13.8KV [NO_MOSTRAR],Maule
LINARES_______066,BA S/E LINARES 66KV BP1,Maule
LINARES_______154,BA S/E LINARES 154KV BP1,Maule
LIQCAU1_______220,BA S/E LIQCAU 220kV BP1,Desconocida
LIQCAU2_______220,BA S/E LIQCAU 220kV BP2,Desconocida
LIQCAU________110,BA S/E LIQCAU A 110kV BP1,Desconocida
LIRCAY________066,BA S/E CENTRAL LIRCAY 66KV,Desconocida
LIRQUEN_______015,BA S/E LIRQUEN 15KV BP1,Desconocida
LIRQUEN_______066,BA S/E LIRQUEN 66KV,Desconocida
LITORAL_CTL___066,BA S/E LITORAL CENTRAL 66KV BP1,Desconocida
LLAIMA________023,BA S/E LLAIMA 23KV BP1,Desconocida
LLAIMA________066,BA S/E LLAIMA 66KV BP1,Desconocida
LLANBLANCOS___023,BA S/E C.R. LLANOS BLANCOS 23KV B1,Desconocida
LLANBLANCOS___220,BA S/E C.R. LLANOS BLANCOS 220KV BP,Desconocida
LLANOLLAMPOS__220,BA S/E SECCIONADORA LLANO DE LLAMPOS 220KV BP1,Desconocida
LLANOS________066,,Desconocida
LLANOS________220,,Desconocida
LLANQUIHUE____066,BA S/E LLANQUIHUE 66KV BP1,Desconocida
LLANQUIHUE____220,,Desconocida
LLANTA________110,,Desconocida
LLAYLLAY______110,,Desconocida
LLOLLELHUE____066,BA S/E LLOLLELHUE BP1 66KV,Desconocida
LOA___________023,BA S/E EL LOA 23KV,Desconocida
LOA___________220,BA S/E EL LOA 220KV [NO_MOSTRAR],Desconocida
LOMACOLORADOS_023,,Desconocida
LOMACOLORADOS_110,BA S/E CENTRAL LOMA LOS COLORADOS 110KV BP1,Desconocida
LOMA_ALTA_____013,,Desconocida
LOMA_ALTA_____220,BA S/E LOMA ALTA 220KV BP1,Desconocida
LOMIRANDA_____013,BA S/E LO MIRANDA 15KV BP1,Desconocida
LOMIRANDA_____066,BA S/E LO MIRANDA 66KV BP1,Desconocida
LONCOCHE2_____013,,Desconocida
LONCOCHE______013,BA S/E LONCOCHE 13.2KV,Desconocida
LONCOCHE______066,BA S/E LONCOCHE 66KV,Desconocida
LONGAVI_______013,BA S/E LONGAVI 13.2kV BP1,Desconocida
LONGAVI_______066,BA S/E LONGAVI 66kV BP1,Desconocida
LORD_COCHRANE_012,BA S/E LORD COCHRANE 12KV BP1,Desconocida
LORETO________015,BA S/E LORETO 15KV BP1,Desconocida
LORETO________066,BA S/E LORETO 66KV BP1,Desconocida
LOS_ANDES_____044,BA S/E LOS ANDES (FFCC) 44kV BP1,Valparaíso
LOS_DOMINICOS_013,BA S/E LOS DOMINICOS 12KV BP1,Desconocida
LOS_DOMINICOS_110,BA S/E LOS DOMINICOS 110KV BP1,Desconocida
LOS_HIERROS___006,BA S/E CENTRAL LOS HIERROS 6.6KV,Desconocida
LOS_HIERROS___110,BA S/E LOS HIERROS 110KV [NO_MOSTRAR],Desconocida
LOS_HIERR_2___006,BA S/E CENTRAL LOS HIERROS II 6.6kV,Desconocida
LOS_HIERR_2___110,BA S/E LOS HIERROS II 110KV [No_mostrar],Desconocida
LOS_MAQUIS____013,BA S/E LOS MAQUIS (CGE) 15KV [NO_MOSTRAR],Desconocida
LOS_MAQUIS____066,BA S/E LOS MAQUIS (CGE) 66KV BS1,Desconocida
LOS_NOTROS____220,BA S/E LOS NOTROS 220KV BP1,Desconocida
LOS_PEUMOS____066,BA S/E LOS PEUMOS 66KV BP1,Desconocida
LOS_PEUMOS____220,BA S/E LOS PEUMOS 220KV BP1,Desconocida
LOS_POETAS____066,BA S/E LOS POETAS 66KV BP1,Desconocida
LOS_SAUCES____023,BA S/E LOS SAUCES 23KV PRINCIPAL,Desconocida
LOS_SAUCES____066,BA S/E LOS SAUCES 66KV,Desconocida
LOS_TAMBORES__013,BA S/E LOS TAMBORES 13.2kV BP1,Desconocida
LOS_TAMBORES__066,BA S/E LOS TAMBORES 66KV [NO_MOSTRAR],Desconocida
LOS_VARONES___066,BA S/E LOS VARONES 66 KV BP1,Desconocida
LOS_VARONES___220,BA S/E LOS VARONES 220 KV BP1,Desconocida
LOTA__________013,BA S/E LOTA 13.2KV B1,Desconocida
LOTA__________066,BA S/E LOTA 66KV BP,Desconocida
LO_AGUIRRE____012,BA S/E LO AGUIRRE 12KV BP1,Desconocida
LO_AGUIRRE____110,BA S/E LO AGUIRRE 110KV BP1 [NO_MOSTRAR],Desconocida
LO_AGUIRRE____220,BA S/E SECCIONADORA LO AGUIRRE 230KV BP1,Desconocida
LO_AGUIRRE____500,BA S/E SECCIONADORA LO AGUIRRE 525KV BP1,Desconocida
LO_BOZA_______013,BA S/E LO BOZA 12.5KV BP1,Desconocida
LO_BOZA_______023,BA S/E LO BOZA 23KV BP3,Desconocida
LO_BOZA_______110,BA S/E LO BOZA 110KV BP1,Desconocida
LO_ESPEJO_____110,BA S/E LO ESPEJO (FFCC) 110KV,Desconocida
LO_PRADO______012,BA S/E LO PRADO 12KV BP1,Desconocida
LO_PRADO______044,BA S/E LO PRADO 44KV BP1,Desconocida
LO_PRADO______110,BA S/E LO PRADO 110KV BP1 [NO_MOSTRAR],Desconocida
LO_VALLEDOR___013,BA S/E LO VALLEDOR 12KV BP1,Desconocida
LO_VALLEDOR___110,BA S/E LO VALLEDOR 110KV BP1,Desconocida
LSECA_________220,BA S/E LAGUNA SECA 220KV BP,Desconocida
LUCERO________066,BA S/E LUCERO 66kV BP1,Desconocida
M.BLANCOS_____006,BA S/E MANTOS BLANCOS 6.3KV,Desconocida
M.BLANCOS_____023,BA S/E MANTOS BLANCOS 23KV,Desconocida
M.BLANCOS_____220,BA S/E MANTOS BLANCOS 220KV BP1,Desconocida
M.DEVELASCO___013,BA S/E MANSO DE VELASCO 15KV,Desconocida
M.DEVELASCO___066,BA S/E MANSO DE VELASCO 66KV,Desconocida
M.DOLORES_____220,,Desconocida
M.ELENA_______023,BA S/E MARIA ELENA 22KV,Desconocida
M.ELENA_______220,BA S/E MARIA ELENA 220KV BP1,Desconocida
M.MELADO______154,,Desconocida
M.PATRIA______013,BA S/E MONTE PATRIA 13.2KV,Desconocida
M.PATRIA______023,BA S/E MONTE PATRIA 23KV,Desconocida
M.PATRIA______066,BA S/E MONTE PATRIA 66KV,Desconocida
M.V.CEN.______154,BA S/E MINERA VALLE CENTRAL 154KV BP1,Desconocida
MACHALI_______013,BA S/E MACHALI 15KV BP1,Desconocida
MACHALI_______066,BA S/E MACHALI 66KV BP1,Desconocida
MACUL_________013,BA S/E MACUL 12.5KV BP3,Desconocida
MACUL_________020,BA S/E MACUL 20.4KV BP6,Desconocida
MACUL_________110,BA S/E MACUL 110KV BP1,Desconocida
MAESTRANZA____013,,Desconocida
MAESTRANZA____066,BA TAP MAESTRANZA 66KV,Desconocida
MAGNETITA_____110,BA S/E MAGNETITA 110KV BP1,Desconocida
MAHNS_________015,BA S/E MAHNS 15KV BP1,Desconocida
MAHNS_________066,BA S/E MAHNS 66KV BP1,Desconocida
MAIPO_________110,BA S/E MAIPO 110KV [NO_MOSTRAR],Metropolitana
MAIPO_________220,BA S/E MAIPO 220KV [NO_MOSTRAR],Metropolitana
MAIPU_________013,BA S/E MAIPU 12KV BP1,Desconocida
MAIPU_________110,BA S/E MAIPU 110KV BP1,Desconocida
MAITENCILLO___110,BA S/E MAITENCILLO 110KV BP1-1,Desconocida
MAITENCILLO___220,BA S/E MAITENCILLO 220KV BP1-1,Desconocida
MAITENES______020,BA S/E PARQUE EOLICO EL MAITEN 23KV B1,Desconocida
MAITENES______110,BA S/E CENTRAL MAITENES 110KV BP1,Desconocida
MALGARIDA_____220,BA S/E MALGARIDA 220KV BP1,Desconocida
MALLOA________013,BA S/E MALLOA 15KV BP1,Desconocida
MALLOA________066,BA S/E MALLOA 66KV BP1,Desconocida
MALLOA________154,BA S/E MALLOA NUEVA 154KV BP1-1,Desconocida
MALLOCO_______013,BA S/E MALLOCO 12KV BP1,Desconocida
MALLOCO_______110,BA S/E MALLOCO 110KV BP1,Desconocida
MAMPIL________220,BA S/E CENTRAL MAMPIL 220 KV BP1,Desconocida
MANDINGA______013,BA S/E MANDINGA 13.2KV,Desconocida
MANDINGA______066,BA S/E MANDINGA 66KV,Desconocida
MANQUEHUE_____066,,Desconocida
MANTILHUE_____110,BA S/E MANTILHUE 110KV BP1,Desconocida
MAPAL_________154,BA S/E MAPAL 154KV BP [NO_MOSTRAR],Desconocida
MARBELLA______013,BA S/E MARBELLA 13.2KV BP1,Desconocida
MARBELLA______110,BA S/E MARBELLA 110KV BP1,Desconocida
MARCHIHUE_____013,BA S/E MARCHIGÜE 13.2KV BP1,Desconocida
MARCHIHUE_____066,BA S/E MARCHIGÜE 66KV BP1,Desconocida
MARGA_MARGA___013,BA S/E MARGA MARGA 13.2KV BP1,Desconocida
MARGA_MARGA___110,BA S/E MARGA MARGA 110KV BP1-1,Desconocida
MARIQUINA_____023,BA S/E MARIQUINA 23KV,Desconocida
MARIQUINA_____220,,Desconocida
MARISCAL______023,BA S/E MARISCAL 23 kV BP2A,Desconocida
MARISCAL______110,BA S/E MARISCAL 110 kV BP1,Desconocida
MARQUESA______023,BA S/E MARQUESA 23KV,Desconocida
MARQUESA______066,BA S/E MARQUESA 66KV,Desconocida
MASISA________066,BA S/E MASISA 66KV BP1,Desconocida
MATILLA_______220,BA S/E MATILLA 220KV BP1 (GIS),Desconocida
MAULE_________015,BA S/E MAULE 15KV,Maule
MAULE_________066,BA S/E MAULE 66KV BP1,Maule
MAULE_________154,BA S/E MAULE 154KV BP1,Maule
MAULE_________220,,Maule
MAYACA________013,BA S/E MAYACA 13.2kV BT,Desconocida
MAYACA________110,BA S/E MAYACA 110kV BP1,Desconocida
MEDELLIN______023,,Desconocida
MEDELLIN______220,BA S/E CENTRAL TERMOPACIFICO 220KV BP1,Desconocida
MEJILLONES____013,BA S/E MEJILLONES 13.8KV,Antofagasta
MEJILLONES____023,BA S/E MEJILLONES 23KV [NO_MOSTRAR],Antofagasta
MEJILLONES____110,BA S/E MEJILLONES 110KV BP,Antofagasta
MEJILLONES____220,BA S/E MEJILLONES 220KV BP,Antofagasta
MELIPEUCO_____023,BA S/E MELIPEUCO 23KV,Desconocida
MELIPEUCO_____110,,Desconocida
MELIPILLA_____013,BA S/E BAJO MELIPILLA 13.2KV BP1,Desconocida
MELIPILLA_____066,BA S/E BAJO MELIPILLA 66KV,Desconocida
MELIPILLA_____110,BA S/E BAJO MELIPILLA 110KV BP1,Desconocida
MELIPULLI_____023,BA S/E MELIPULLI 23KV,Desconocida
MELIPULLI_____066,BA S/E MELIPULLI 66KV,Desconocida
MELIPULLI_____110,BA S/E MELIPULLI 110KV BP1,Desconocida
MELIPULLI_____220,BA S/E MELIPULLI 220KV B1 [No_Mostrar],Desconocida
METRENCO______066,BA S/E METRENCO (FFCC) 66KV,Desconocida
METRO_________020,BA S/E METRO 20KV A1 [NO_MOSTRAR],Desconocida
METRO_________110,BA S/E METRO BARRA 110KV BP1,Desconocida
MINERO________110,BA S/E MINERO 115KV BP1,Desconocida
MINERO________220,BA S/E MINERO 220KV BP1,Desconocida
MININCO_______220,,Desconocida
MINSAL________110,BA S/E MINSAL 110KV BP1,Desconocida
MIRAFLORES2___013,BA S/E MIRAFLORES 12KV BP2,Desconocida
MIRAFLORES____013,BA S/E MIRAFLORES 12KV BP1,Desconocida
MIRAFLORES____110,BA S/E MIRAFLORES 110KV BP1,Desconocida
MIRAJE________220,NODO MIRAJE 220KV-CONEXION MIRAJE-ENCUENTRO. CIRCUITO N1 [NO_MOSTRAR],Desconocida
MMH___________220,BA S/E MMH 220KV BP1,Desconocida
MOCHO_________023,BA S/E CENTRAL MOCHO 23KV BP1,Desconocida
MOCHO_________110,,Desconocida
MOLINA________013,BA S/E MOLINA 15KV BT1,Desconocida
MOLINA________066,BA S/E MOLINA 66KV BP1,Desconocida
MOLINOS_______110,BA S/E LOS MOLINOS 110KV BP1,Desconocida
MOLLES________066,BA S/E LOS MOLLES 66KV SECCION 1,Desconocida
MOLYCOP_______220,BA S/E MOLYCOP 220KV [NO_MOSTRAR],Desconocida
MONTENEGRO____013,"BA S/E MONTENEGRO 13,2KV BP1",Desconocida
MONTENEGRO____066,BA S/E MONTENEGRO 66KV BP1,Desconocida
MONTENEGRO____154,BA S/E MONTENEGRO 154KV BP1,Desconocida
MONTERRICO____013,"BA S/E MONTERRICO 13,8kV BP1 [EN_REVISION]",Desconocida
MONTERRICO____066,BA S/E MONTERRICO 66KV BP1,Desconocida
MONTERRICO____154,BA S/E MONTERRICO 154kV BA,Desconocida
MONTE_MINA1___220,BA S/E MONTE MINA 220kV BP1,Desconocida
MONTE_MINA2___220,BA S/E MONTE MINA 220kV BP2,Desconocida
MULCHEN_______220,BA S/E MULCHEN 220KV BP1-1,Desconocida
N.CARDONES____220,BA S/E NUEVA CARDONES 220KV BP1,Atacama
N.CARDONES____500,BA S/E NUEVA CARDONES 500KV BP1,Atacama
N.MAITENCILLO_220,BA S/E NUEVA MAITENCILLO 220KV BP1,Desconocida
N.MAITENCILLO_500,BA S/E NUEVA MAITENCILLO 500KV BP1,Desconocida
N.P.AZUCAR____220,BA S/E NUEVA PAN DE AZUCAR 220KV BPA,Coquimbo
N.P.AZUCAR____500,BA S/E NUEVA PAN DE AZUCAR 500KV BPA,Coquimbo
N.PICHIRROPUL_066,,Desconocida
N.PICHIRROPUL_220,BA S/E NUEVA PICHIRROPULLI 220KV BP1,Desconocida
N.POZOALMONTE_220,BA S/E POZO ALMONTE 220KV BT1,Tarapacá
N.VICTORIA____220,,Desconocida
N.ZALDIVAR____220,BA S/E NUEVA ZALDIVAR 220KV BP1,Desconocida
NACIMIENTO____220,,Desconocida
NAHUELBUTA____013,BA S/E NAHUELBUTA 13.2KV BP1,Desconocida
NAHUELBUTA____023,BA S/E NAHUELBUTA 23KV BP1,Desconocida
NAHUELBUTA____066,BA S/E NAHUELBUTA 66KV BP1,Desconocida
NALCAS________023,BA S/E CENTRAL NALCAS 23kV BP1,Desconocida
NANCAGUA______013,BA S/E NANCAGUA 13.2KV BP1,Desconocida
NANCAGUA______066,BA S/E NANCAGUA 66KV BP1,Desconocida
NECSA_________066,,Desconocida
NEGRA_________023,BA S/E TAP OFF LA NEGRA 23KV BP1,Desconocida
NEGRA_________110,BA S/E TAP OFF LA NEGRA 110KV BP1,Desconocida
NEGRETE_______023,BA S/E NEGRETE 23KV B1,Desconocida
NEGRETE_______066,BA S/E NEGRETE 66KV B1 [NO_MOSTRAR],Desconocida
NEPTUNO_______220,,Desconocida
NIQUEN________066,BA S/E NIQUEN (FFCC) 66KV,Desconocida
NIRIVILO______023,BA S/E NIRIVILO 23KV B1,Desconocida
NIRIVILO______066,BA S/E NIRIVILO 66KV,Desconocida
NOGALES_______220,BA S/E NOGALES 220KV BP1,Desconocida
NORGENER______220,BA S/E NORGENER 220KV BP1,Desconocida
NPANQUEHUE____013,BA S/E NUEVA PANQUEHUE 12kV BP1,Desconocida
NPANQUEHUE____110,BA S/E NUEVA PANQUEHUE 110kV BP1,Desconocida
NUEVAVENTANAS_220,BA S/E NUEVA VENTANAS 220KV BP1,Desconocida
NUEVA_CHUQUI__220,BA S/E NUEVA CHUQUICAMATA 220KV BP1,Desconocida
NUEVA_GUINDO__066,,Desconocida
NUEVA_GUINDO__220,,Desconocida
NVALAMPA______220,BA S/E NUEVA LAMPA 220KV BP1,Desconocida
NVA_ALDEA3____015,BA S/E NUEVA ALDEA 15KV,Desconocida
NVA_ANCUD_____220,BA S/E NUEVA ANCUD 220KV B1,Desconocida
NVA_P.MONTT___220,,Desconocida
OASIS_________220,,Desconocida
OCHAGAVIA_____012,BA S/E OCHAGAVIA 12KV BP1,Desconocida
OCHAGAVIA_____110,BA S/E OCHAGAVIA 110KV BP1,Desconocida
OESTE_________110,BA S/E TAP OFF OESTE 110KV [NO_MOSTRAR],Desconocida
OESTE_________220,BA S/E TAP OFF OESTE 220KV BP1,Desconocida
OGP1__________220,BA S/E OGP1 220KV BP1,Desconocida
OHIGGINS______220,BA S/E O'HIGGINS 220KV BP1,O'Higgins
OSORNO________013,BA S/E OSORNO 13.8KV [NO_MOSTRAR],Los Lagos
OSORNO________066,BA S/E OSORNO 66KV BP1,Los Lagos
OVALLE________013,BA S/E OVALLE 13KV [No_Mostrar],Coquimbo
OVALLE________023,BA S/E OVALLE 23KV BP1,Coquimbo
OVALLE________066,BA S/E OVALLE 66KV,Coquimbo
OVALLE________110,BA S/E OVALLE 220KV BP1 [NO_MOSTRAR],Coquimbo
OXIDOS________110,BA S/E PLANTA OXIDO 33KV,Desconocida
OXY___________154,BA S/E OXY 154KV BP1,Desconocida
P.ALMONTE1____013,,Desconocida
P.ALMONTE2____013,BA S/E POZO ALMONTE 13.8KV-AUTOTRAFO Nº2,Tarapacá
P.ALMONTE_____023,BA S/E POZO ALMONTE 23KV,Tarapacá
P.ALMONTE_____066,BA S/E POZO ALMONTE 66KV,Tarapacá
P.ALMONTE_____110,BA S/E POZO ALMONTE 110KV BP1,Tarapacá
P.ALMONTE_____220,BA S/E POZO ALMONTE 220KV BP1,Tarapacá
P.ALTO________013,BA S/E PUENTE ALTO (TEC) 12KV B1,Desconocida
P.ALTO________110,BA S/E PUENTE ALTO 110KV BP1,Desconocida
P.ANCHA_______013,BA S/E PLAYA ANCHA 12kV BP1,Desconocida
P.ANCHA_______110,BA S/E PLAYA ANCHA 110kV BP1,Desconocida
P.AZUCAR______013,BA S/E PAN DE AZUCAR 13.2KV BP1,Coquimbo
P.AZUCAR______066,BA S/E PAN DE AZUCAR 66KV PRINCIPAL,Coquimbo
P.AZUCAR______110,BA S/E PAN DE AZUCAR 110KV BP1,Coquimbo
P.AZUCAR______220,BA S/E PAN DE AZUCAR 220KV BP1,Coquimbo
P.BARRANCO____220,,Desconocida
P.COLORADA____220,BA S/E PUNTA COLORADA 220KV BP1,Desconocida
P.CORTES1_____154,BA S/E PUNTA DE CORTES 154KV BP2 [NO_MOSTRAR],Desconocida
P.CORTES2_____154,BA S/E PUNTA DE CORTES 154KV BP1 [NO_MOSTRAR],Desconocida
P.CORTES______015,BA S/E PUNTA DE CORTES 15KV BP1,Desconocida
P.CORTES______066,BA S/E PUNTA DE CORTES 66KV BP1-1,Desconocida
P.HURTADO_____023,BA S/E PADRE HURTADO 23KV B1,Desconocida
P.HURTADO_____110,,Desconocida
P.MONTT_______023,BA S/E PUERTO MONTT (STS) 23KV BP1,Los Lagos
P.MONTT_______066,,Desconocida
P.MONTT_______220,BA S/E PUERTO MONTT 220KV BP2,Los Lagos
P.VARAS_______013,BA S/E PUERTO VARAS 13.8KV,Desconocida
P.VARAS_______023,BA S/E PUERTO VARAS 23KV,Desconocida
P.VARAS_______066,BA S/E PUERTO VARAS 66KV,Desconocida
PACHACAMA1____110,BA S/E TAP OFF PACHACAMA (CTNG) [No_Mostrar],Desconocida
PACHACAMA_____044,,Desconocida
PACIFICO______013,BA S/E CELULOSA PACIFICO 13.2KV B1,Desconocida
PACIFICO______110,BA S/E PACIFICO 110KV,Desconocida
PAILLACO______013,BA S/E PAILLACO 13.8KV,Desconocida
PAILLACO______066,BA S/E PAILLACO 66KV,Desconocida
PAINE_________066,BA S/E PAINE 66KV BP1,Desconocida
PAINE_________154,BA S/E PAINE 154KV BP1,Desconocida
PAJARITOS_____013,BA S/E PAJARITOS 12KV BP1,Desconocida
PAJARITOS_____023,BA S/E PAJARITOS 23KV BP3,Desconocida
PAJARITOS_____110,BA S/E PAJARITOS 110KV BP1,Desconocida
PAJONALES_____023,BA S/E CENTRAL PAJONALES B11 23KV,Desconocida
PAJONALES_____220,,Desconocida
PAJONAL_______023,BA S/E CENTRAL PAJONALES 23KV BP1,Desconocida
PAJONAL_______110,,Desconocida
PALAFITOS_____013,BA S/E PALAFITOS 13.8KV BP1,Desconocida
PALAFITOS_____110,BA S/E PALAFITOS 110KV,Desconocida
PALESTINA_____066,,Desconocida
PALESTINA_____220,,Desconocida
PALLATA_______220,BA S/E PALLATA 220KV BP1 [No_Mostrar],Desconocida
PALMAR________110,BA S/E PALMAR 110KV BP1,Desconocida
PALMUCHO______013,,Desconocida
PALMUCHO______066,,Desconocida
PALPANA_______220,BA S/E PALPANA 220 KV BP1,Desconocida
PALTO_________006,,Desconocida
PALTO_________044,,Desconocida
PALTO_________110,BA S/E PUENTE ALTO (CMPC) 110KV BP1,Desconocida
PANAMERICANA__012,BA S/E PANAMERICANA 12KV BP1,Desconocida
PANGUE________013,BA S/E CENTRAL PANGUE 13.8KV,Desconocida
PANGUE________066,BA S/E CENTRAL PANGUE 66KV,Desconocida
PANGUE________220,BA S/E CENTRAL PANGUE 220KV [NO_MOSTRAR],Desconocida
PANGUILEMO____013,BA S/E PANGUILEMO 15KV,Desconocida
PANGUILEMO____066,BA S/E PANGUILEMO 66KV,Desconocida
PANGUIPULLI___023,BA S/E PANGUIPULLI 23KV,Los Ríos
PANGUIPULLI___066,BA S/E PANGUIPULLI 66KV,Los Ríos
PANIAHUE______013,BA S/E PANIAHUE 13.2KV BP1,Desconocida
PANIAHUE______066,BA S/E PANIAHUE 66KV BP1,Desconocida
PANIMAVIDA____013,BA S/E PANIMAVIDA 13.2kV BP1,Desconocida
PANIMAVIDA____066,BA S/E PANIMAVIDA 66kV BP1,Desconocida
PANQUEHUE_____013,BA S/E PANQUEHUE 12kV BP1,Desconocida
PANQUEHUE_____044,BA S/E PANQUEHUE 44kV BP1,Desconocida
PAPOSO________066,,Desconocida
PAPOSO________220,BA S/E PAPOSO 220KV BP1,Desconocida
PARAUCO_______066,BA S/E PLANTA ARAUCO 66KV,Desconocida
PARAUCO_______220,,Desconocida
PARGUA________023,BA S/E PARGUA 23KV BP1,Desconocida
PARGUA________110,BA S/E PARGUA 110KV BP1,Desconocida
PARGUA________220,BA S/E PARGUA 220KV BP1,Desconocida
PARINACOTA____066,BA S/E PARINACOTA 66kV BP1,Arica y Parinacota
PARINACOTA____220,BA S/E PARINACOTA 220kV BP1,Arica y Parinacota
PARRAL________013,BA S/E PARRAL 13.8KV BP1,Desconocida
PARRAL________066,BA S/E PARRAL 66KV BP1,Desconocida
PARRAL________154,BA S/E PARRAL 154KV BP1,Desconocida
PARRONAL______013,BA S/E PARRONAL 13.2KV,Desconocida
PARRONAL______066,BA S/E PARRONAL 66 kV BP1 [NO_MOSTRAR],Desconocida
PASO_HONDO____013,BA S/E PASO HONDO 13.2kV BP1,Desconocida
PASO_HONDO____066,BA S/E PASO HONDO 66kV BP1,Desconocida
PEHUENCHE_____220,BA S/E CENTRAL PEHUENCHE 220KV BP1,Desconocida
PELEQUEN______013,BA S/E PELEQUEN 15KV,Desconocida
PELEQUEN______066,BA S/E PELEQUEN 66KV,Desconocida
PENABLANCA____013,BA S/E PEÑABLANCA 12kV BP2,Desconocida
PENABLANCA____110,BA S/E PEÑABLANCA 110kV BP1,Desconocida
PENCO_________013,BA S/E PENCO 15KV BP1,Desconocida
PENCO_________066,BA S/E PENCO 66KV BP1,Desconocida
PEOLMOS_______033,BA S/E LOS OLMOS 33KV B1,Desconocida
PEOLMOS_______220,BA S/E LOS OLMOS 220KV BP1,Desconocida
PEQ___________023,BA S/E PEQ 23KV,Desconocida
PEQ___________220,BA S/E PEQ 220KV,Desconocida
PERALES_______015,BA S/E PERALES 15KV C1,Desconocida
PERALES_______066,BA S/E PERALES 66KV B1,Desconocida
PETALTAL______033,,Desconocida
PETALTAL______220,,Desconocida
PETRODOW______154,BA S/E PETRODOW 154KV [NO_MOSTRAR],Desconocida
PETROPOWER____066,BA S/E PETROQUIN 66KV,Desconocida
PEUCHEN_______013,BA S/E CENTRAL PEUCHEN 13.8KV B1 [No_Mostrar],Desconocida
PEUCHEN_______220,BA S/E CENTRAL PEUCHEN 220KV BP1,Desconocida
PE_L_B.AIRES__066,BA S/E PARQUE EOLICO LOS BUENOS AIRES 66KV,Desconocida
PE_RENAICO____220,BA S/E PARQUE EOLICO RENAICO 220KV BP1,Desconocida
PICARTE_______013,,Desconocida
PICARTE_______066,BA S/E PICARTE 66KV,Desconocida
PICHIL________023,BA S/E PICHIL BPR1 23KV,Desconocida
PICHIL________066,BA S/E PICHIL 66KV,Desconocida
PICHIRRAHUE___220,,Desconocida
PICHIRROPULLI_013,BA S/E PICHIRROPULLI 13.8KV,Desconocida
PICHIRROPULLI_066,BA S/E PICHIRROPULLI 66KV,Desconocida
PICOLTUE______023,BA S/E PICOLTUE 23KV BP1,Desconocida
PICOLTUE______220,BA S/E PICOLTUE 220KV [NO_MOSTRAR],Desconocida
PIDPID________013,,Desconocida
PIDPID________110,BA S/E PID PID 110KV BP1,Desconocida
PIDUCO________013,BA S/E PILLANLELBUN 23KV ,Desconocida
PIDUCO________066,BA S/E PIDUCO 66KV,Desconocida
PILAUCO_______066,BA S/E PILAUCO 66KV BP1,Desconocida
PILAUCO_______220,BA S/E PILAUCO 220KV BA1,Desconocida
PILLANLELBUN__013,BA S/E PILLANLELBUN 13.2KV [No_Mostrar],Desconocida
PILLANLELBUN__066,,Desconocida
PILMAIQUEN____013,BA S/E CENTRAL PILMAIQUEN 13.2KV,Desconocida
PILMAIQUEN____066,BA S/E CENTRAL PILMAIQUEN 66KV B1,Desconocida
PINATAS_______013,BA S/E LAS PIÑATAS 12kV BP1,Desconocida
PINATAS_______066,BA S/E LAS PIÑATAS 66kV BP1,Desconocida
PIRQUE________013,BA S/E PIRQUE 13.2KV BP1,Desconocida
PIRQUE________110,BA S/E PIRQUE 110KV BP1,Desconocida
PITRUFQUEN____013,BA S/E PITRUFQUEN 13.2KV,Desconocida
PITRUFQUEN____066,BA S/E PITRUFQUEN 66KV [NO_MOSTRAR],Desconocida
PLACERES______013,BA S/E LOS PLACERES 12KV BP1,Desconocida
PLACERES______110,BA S/E LOS PLACERES 110kV BT1,Desconocida
PLACILLA_S____013,BA S/E PLACILLA (CHILQUINTA) 12kV BP2,Desconocida
PLACILLA______013,BA S/E PLACILLA 13.2KV BP1,Desconocida
PLACILLA______066,BA S/E PLACILLA 66KV BP1,Desconocida
PLACILLA______110,BA S/E PLACILLA (CHILQUINTA) 110kV BP1,Desconocida
PLANTAS_______013,BA S/E PLANTAS 13.8KV,Desconocida
PLANTAS_______110,BA S/E PLANTAS 110KV BP1,Desconocida
PLASCASAS_____013,BA S/E PADRE LAS CASAS 15KV,Desconocida
PLASCASAS_____066,BA S/E PADRE LAS CASAS 66KV BT1,Desconocida
POLPAICO______023,BA S/E POLPAICO 23KV BP1,Metropolitana
POLPAICO______220,BA S/E POLPAICO (TRANSELEC) 220KV BP1,Metropolitana
POLPAICO______500,BA S/E POLPAICO (TRANSELEC) 500KV BPA,Metropolitana
PORTEZUELO____023,BA S/E PORTEZUELO 23KV BP1,Desconocida
PORTEZUELO____066,BA S/E PORTEZUELO 66KV BP1,Desconocida
PORTEZUELO____110,BA S/E PORTEZUELO 110KV BP1,Desconocida
POXIDOS_______220,BA S/E PLANTA OXIDOS 220KV BP,Desconocida
PPEUCO_CP_____110,BA S/E PUNTA PEUCO (CEMENTO POLPAICO) 110kV BP2 [En_Revision],Metropolitana
PPEUCO________023,,Desconocida
PPEUCO________110,BA S/E PUNTA PEUCO 110KV BP1,Desconocida
PROCART_______220,BA S/E PROCART 220KV BP1,Desconocida
PSECO_________023,BA S/E PUEBLO SECO 23KV BP1,Desconocida
PTENEGRO2_____220,BA S/E PUENTE NEGRO 220KV BP2,Desconocida
PTENEGRO______220,BA S/E PUENTE NEGRO 220KV BP1,Desconocida
PUCHOCO_______015,BA S/E PUCON 23KV,Desconocida
PUCHOCO_______066,BA S/E PULLINQUE 13.2KV,Desconocida
PUCHUNCAVI2___110,BA S/E PUCHUNCAVI 110 KV BP1-2,Desconocida
PUCON_________013,,Desconocida
PUCON_________066,BA S/E PUCON 66KV,Desconocida
PUDAHUEL______013,BA S/E PUDAHUEL 12KV BP1,Desconocida
PUDAHUEL______110,BA S/E PUDAHUEL 110KV BP1 [NO_MOSTRAR],Desconocida
PUEBLOSECO____023,,Desconocida
PUEBLOSECO____154,BA S/E PUEBLO SECO 154KV BP1,Desconocida
PUERTOPATACHE_220,BA S/E PUERTO PATACHE 220KV B1,Desconocida
PUKARA________013,BA S/E PUKARA 13.8KV BP1,Desconocida
PUKARA________066,BA S/E PUKARA 66KV BP1,Desconocida
PULLINQUE_____023,BA S/E PULLINQUE 23 kV BP2,Desconocida
PULLINQUE_____066,BA S/E PULLINQUE 66KV,Desconocida
PUMAHUE_______013,BA S/E PUMAHUE 15KV,Desconocida
PUMAHUE_______066,BA S/E PUMAHUE 66KV,Desconocida
PUNITAQUI2____013,BA S/E PUNITAQUI 13.2KV BP2,Desconocida
PUNITAQUI_____013,BA S/E PUNITAQUI 13.2KV,Desconocida
PUNITAQUI_____066,BA S/E PUNITAQUI 66KV,Desconocida
PUNITAQUI_____110,BA S/E PUNITAQUI 110KV BP1 [NO_MOSTRAR],Desconocida
PUNTA_SIERRA__220,BA S/E PUNTA SIERRA 220KV BP1,Desconocida
PUNTA_TALCA___220,BA S/E PUNTA DE TALCA 220kV BP [En_Revision],Maule
PUQUILLAY_____013,BA S/E PUQUILLAY 17.5KV BP1,Desconocida
PUQUILLAY_____066,BA S/E PUQUILLAY 66KV BT1,Desconocida
PURI__________220,BA S/E PURI 220KV BP1,Desconocida
PURRANQUE_____013,BA S/E PURRANQUE 13.8KV,Desconocida
PURRANQUE_____066,BA S/E PURRANQUE 66KV,Desconocida
PVHFAMI_______033,,Desconocida
PVLEYDA_______033,,Desconocida
PVLEYDA_______110,,Desconocida
PVSALVADOR____110,BA S/E PV SALVADOR 110KV BP1,Desconocida
PVSOLDESIERTO_033,BA S/E SOL DEL DESIERTO 36KV BP1,Desconocida
PVSOLDESIERTO_220,BA S/E SOL DEL DESIERTO 220KV BP1,Desconocida
PVTAMAR_______033,BA S/E TAMARICO 33kV BP1 [EN_REVISION],Desconocida
PVTAMAR_______220,,Desconocida
PV_CEME1______220,BA S/E CEME 1 220kV BP1,Desconocida
QTILCOCO______013,BA S/E QUINTA DE TILCOCO 15KV,Desconocida
QTILCOCO______066,BA S/E QUINTA DE TILCOCO 66KV,Desconocida
QUELENTARO____013,BA S/E QUELENTARO 13.2KV BP,Desconocida
QUELENTARO____110,BA S/E QUELENTARO 110KV BP1,Desconocida
QUELENTARO____220,BA S/E QUELENTARO 220KV BP1,Desconocida
QUELLON_______013,,Desconocida
QUELLON_______110,BA S/E QUELLON 110KV BP1,Desconocida
QUELTEHUES____012,BA S/E CENTRAL QUELTEHUES 12KV,Desconocida
QUELTEHUES____110,BA S/E CENTRAL QUELTEHUES 110KV BP1,Desconocida
QUEREO________023,BA S/E QUEREO 23KV,Desconocida
QUEREO________110,BA S/E QUEREO 110 kV BP1 [NO_MOSTRAR],Desconocida
QUIANI________013,BA S/E QUIANI 13.8KV-BP1 [No_Mostrar],Desconocida
QUIANI________066,BA S/E QUIANI 66KV [No_Mostrar],Desconocida
QUIBORAX______066,,Desconocida
QUILAPILUN____220,BA S/E CENTRAL QUILAPILUN 220KV BP1,Desconocida
QUILICURA_____013,BA S/E QUILICURA 12KV BP2,Desconocida
QUILICURA_____023,BA S/E QUILICURA 23KV BP1,Desconocida
QUILICURA_____110,BA S/E QUILICURA 110KV BP1,Desconocida
QUILLECO______013,,Desconocida
QUILLECO______220,BA S/E CENTRAL QUILLECO 220KV BP1,Desconocida
QUILLOTA______110,BA S/E QUILLOTA 110KV BP1,Valparaíso
QUILLOTA______220,BA S/E QUILLOTA 220KV BP1-1,Valparaíso
QUILMO________033,BA S/E QUILMO 033KV,Desconocida
QUILMO________066,BA S/E QUILMO II 66KV,Desconocida
QUILPUE_______013,BA S/E QUILPUE 12kV BP1,Desconocida
QUILPUE_______110,BA S/E QUILPUE 110kV BP1,Desconocida
QUINAHUE______066,,Desconocida
QUINENCO______154,,Desconocida
QUINQUIMO2____110,BA S/E QUINQUIMO 110 kV BP1-S2 [NO_MOSTRAR],Desconocida
QUINQUIMO_____023,BA S/E QUINQUIMO 23KV BP1-S1,Desconocida
QUINQUIMO_____110,BA S/E QUINQUIMO 110KV BP1-1,Desconocida
QUINTAY_______013,BA S/E QUINTAY 12kV BP1,Desconocida
QUINTAY_______066,BA S/E QUINTAY 66kV BP1,Desconocida
QUINTA________013,BA S/E QUINTA 13.2kV BP1,Desconocida
QUINTA________066,BA S/E QUINTA 66kV BP1,Desconocida
QUINTERO______013,BA S/E QUINTERO 12kV BP1,Desconocida
QUINTERO______110,BA S/E GNL QUINTERO 110KV BP1-2,Desconocida
QUINTERO______220,BA S/E CENTRAL QUINTERO 220KV BP1,Desconocida
QUIRIHUE______013,BA S/E QUIRIHUE 13.2KV,Desconocida
QUIRIHUE______023,BA S/E QUIRIHUE 23KV,Desconocida
QUIRIHUE______033,BA S/E QUIRIHUE 33KV,Desconocida
R.BONITO______023,BA S/E RIO BONITO 23KV,Desconocida
R.BONITO______110,BA S/E RIO BONITO 110KV [NO_MOSTRAR],Desconocida
R.NEGRO_______023,BA S/E RIO NEGRO 24 KV BP1,Desconocida
R.NEGRO_______066,BA S/E RIO NEGRO 66KV BP1,Desconocida
R.TOMIC_______220,BA S/E RADOMIRO TOMIC 220KV BP1,Desconocida
RACONCAGUA____110,BA S/E RIO ACONCAGUA 110KV BP1,Desconocida
RACONCAGUA____220,BA S/E RIO ACONCAGUA 220KV BP1,Desconocida
RAHUE_________220,BA S/E RAHUE 220KV BP1,Desconocida
RALCO_________013,,Biobío
RALCO_________220,BA S/E CENTRAL RALCO 220KV [NO_MOSTRAR],Biobío
RANCAGUA1_____066,BA S/E RANCAGUA 66KV BP1,O'Higgins
RANCAGUA2_____066,BA S/E RANCAGUA 66KV BP2,O'Higgins
RANCAGUA______154,BA S/E RANCAGUA 154KV BP1,O'Higgins
RANDE_________220,BA S/E RANDE 220KV BP,Desconocida
RANGUILI______013,BA S/E RANGUILI 13.8KV BP1,Desconocida
RANGUILI______066,,Desconocida
RAPEL_________066,BA S/E REGULADORA RAPEL 66KV,O'Higgins
RAPEL_________220,BA S/E RAPEL 220KV BP1,O'Higgins
RAUQUEN_______013,BA S/E RAUQUEN 13.2KV BT,Desconocida
RAUQUEN_______066,BA S/E RAUQUEN 66KV,Desconocida
RECINTO_______023,BA S/E RECINTO 23KV BP1,Desconocida
RECINTO_______033,BA S/E RECINTO 33KV BP1,Desconocida
RECOLETA______013,BA S/E RECOLETA 13.2KV BP1 [NO_MOSTRAR],Desconocida
RECOLETA______110,BA S/E RECOLETA 110KV BP1,Desconocida
REMEHUE_______066,BA S/E REMEHUE BP1 66KV,Desconocida
RENACA________013,BA S/E REÑACA 12kV BP1,Desconocida
RENACA________110,BA S/E REÑACA 110kV BP1,Desconocida
RENAICO_______066,BA S/E RENAICO (FFCC) 66KV,Desconocida
RENCA_________110,BA S/E RENCA 110KV BP1,Desconocida
RENGO_________013,BA S/E RENGO 15KV BP1,Desconocida
RENGO_________066,BA S/E RENGO 66KV BP1,Desconocida
RETIRO________013,BA S/E RETIRO 13.2KV,Desconocida
RETIRO________066,BA S/E RETIRO 66KV,Desconocida
RIECILLOS_____044,BA S/E RIECILLOS 44kV BP1,Desconocida
RIOHUASCO_____110,BA S/E HUASCO 110KV BP1-2,Desconocida
RIOTOLTEN_____110,,Desconocida
RIOTOLTEN_____220,BA S/E SECCIONADORA RIO TOLTEN 220KV BP1,Desconocida
RIO_BLANCO____013,BA S/E RIO BLANCO 12KV BP1,Desconocida
RIO_BLANCO____044,BA S/E RIO BLANCO 44kV BP1,Desconocida
RIO_ESCONDIDO_220,,Desconocida
RIO_MALLECO___220,BA S/E SECCIONADORA RIO MALLECO 220KV BP1,Desconocida
RIO_SALADO____110,BA S/E RIO SALADO 110KV BP1,Desconocida
ROMERAL_______110,BA S/E ROMERAL (CMP) 110KV BP1,Desconocida
RONCACHO______220,BA S/E RONCACHO 220 KV BP1,Desconocida
ROSARIO_______013,BA S/E ROMERAL (CMP) 11.5KV,Desconocida
ROSARIO_______066,BA S/E ROSARIO 66KV BP1,Desconocida
RRAPEL________013,BA S/E REGULADORA RAPEL 13KV [NO_MOSTRAR],O'Higgins
RRAPEL________066,BA S/E REGULADORA RAPEL 66 kV BP2 [NO_MOSTRAR],O'Higgins
RUCASOL_______023,,Desconocida
RUCASOL_______110,,Desconocida
RUCATAYO______220,BA S/E RUCATAYO 220KV BP1,Desconocida
RUCUE_________013,,Desconocida
RUCUE_________023,BA S/E CENTRAL RUCUE 23KV,Desconocida
RUCUE_________220,BA S/E CENTRAL RUCUE 220KV BP1,Desconocida
RUIL1_________066,BA S/E EL RUIL 66kV BP1-1,Desconocida
RUIL2_________066,BA S/E EL RUIL 66kV BP1-2,Desconocida
RUIL__________015,BA S/E EL RUIL 15kV BP1,Desconocida
RUNGUE________023,BA S/E RUNGUE 23KV BP1,Desconocida
RUNGUE________044,BA S/E RUNGUE 44KV BP1,Desconocida
S.ANDRES______154,,Desconocida
S.ANDRES______220,BA S/E SECCIONADORA SAN ANDRES 220KV BP1-S1,Desconocida
S.ANTONIO_____013,BA S/E SAN ANTONIO 12kV BP1,Valparaíso
S.ANTONIO_____066,BA S/E SAN ANTONIO 66kV BP1,Valparaíso
S.ANTONIO_____110,BA S/E SAN ANTONIO 110KV BP1,Valparaíso
S.CARLOS______013,BA S/E SAN CARLOS 13.8KV,Desconocida
S.CARLOS______066,BA S/E SAN CARLOS 66KV,Desconocida
S.F.MOSTAZAL__013,BA S/E SAN FRANCISCO DE MOSTAZAL 15KV BP2,Desconocida
S.F.MOSTAZAL__066,BA S/E SAN FRANCISCO DE MOSTAZAL 66KV BP1,Desconocida
S.FELIPE______013,BA S/E SAN FELIPE 12KV BP1,Desconocida
S.FELIPE______044,BA S/E SAN FELIPE 44kV BP1,Desconocida
S.FELIPE______110,BA S/E SAN FELIPE 110KV BP1,Desconocida
S.FERNANDO____015,BA S/E SAN FERNANDO 15KV BP1,O'Higgins
S.FERNANDO____066,BA S/E SAN FERNANDO (FFCC) 66KV B1,O'Higgins
S.FERNANDO____154,BA S/E SAN FERNANDO 154KV BP2,O'Higgins
S.FRUTILLAR.N_220,BA S/E FRUTILLAR NORTE 220KV BP1,Desconocida
S.GORDA_______220,BA S/E SIERRA GORDA 220KV BP1,Desconocida
S.GREGORIO____013,BA S/E SAN GREGORIO 13.2kV BP1 [No_Mostrar],Desconocida
S.GREGORIO____066,BA S/E SAN GREGORIO 66KV [no_mostrar],Desconocida
S.JAVIER______023,BA S/E SAN JAVIER 23KV,Desconocida
S.JAVIER______066,BA S/E SAN JAVIER 66KV,Desconocida
S.JERONIMO____013,BA S/E SAN JERONIMO 12kV BP1,Desconocida
S.JERONIMO____066,BA S/E SAN JERONIMO 66kV BP1,Desconocida
S.JOAQUIN_____015,BA S/E SAN JOAQUIN (CGE) 13.2KV C1,Desconocida
S.JOAQUIN_____110,BA S/E SAN JOAQUIN (CGE) 220KV BP1,Desconocida
S.LUIS2_______220,BA S/E SAN LUIS 220KV BP2,Desconocida
S.LUIS________220,BA S/E SAN LUIS 220KV BP1,Desconocida
S.MIGUEL______013,BA S/E SAN MIGUEL 15KV,Desconocida
S.MIGUEL______066,BA S/E SAN MIGUEL 66 kV BP1 [NO_MOSTRAR],Desconocida
S.P.PAPELES___066,,Desconocida
S.PEDRO_______013,BA S/E SAN PEDRO (CTNG) 12kV BP1,Desconocida
S.PEDRO_______110,BA S/E SAN PEDRO (CTNG) 110kV BP1,Desconocida
S.RAFAEL_S____013,BA S/E SAN RAFAEL 13.8KV,Desconocida
S.RAFAEL______013,BA S/E SAN RAFAEL (CHILQUINTA) 12kV BP1,Desconocida
S.RAFAEL______044,,Desconocida
S.RAFAEL______066,BA S/E SAN RAFAEL 66 kV BP1,Desconocida
S.RAFAEL______110,BA S/E SAN RAFAEL (CHILQUINTA) 110kV BP1,Desconocida
S.SEBASTIAN___013,BA S/E SAN SEBASTIAN 12kV BP1,Desconocida
S.SEBASTIAN___066,BA S/E SAN SEBASTIAN 66kV BP1,Desconocida
S.SIMON_______220,BA S/E SAN SIMON 220KV BP1,Desconocida
S.VICENTETT___013,BA S/E SAN VICENTE DE TAGUA TAGUA 15KV C2,Desconocida
S.VICENTETT___066,BA S/E SAN VICENTE DE TAGUA TAGUA 66KV T1,Desconocida
S.VICENTE_____013,BA S/E SAN VICENTE 13.2KV SECCION B,Desconocida
S.VICENTE_____066,BA S/E SAN VICENTE 66KV BP1,Desconocida
S.VICENTE_____154,BA S/E SAN VICENTE 154KV BP1-1,Desconocida
SALADILLO_____066,BA S/E SALADILLO 66KV B2,Desconocida
SALAMANCA_____023,BA S/E SALAMANCA 23KV BP2,Desconocida
SALAMANCA_____110,BA S/E SALAMANCA 110KV BP1,Desconocida
SALARCHUQAUX__220,,Desconocida
SALAR_________110,BA S/E SALAR 100KV BP1,Desconocida
SALAR_________220,BA S/E SALAR 220KV BP1,Desconocida
SANGABRIEL____033,BA S/E SAN GABRIEL 33KV BP1,Desconocida
SANGABRIEL____220,,Desconocida
SANGRA________023,BA S/E SANGRA BP 23KV,Desconocida
SANGRA________066,BA S/E SANGRA BP 66KV,Desconocida
SANPEDROEOL___030,,Desconocida
SANPEDROEOL___110,BA S/E CENTRAL SAN PEDRO DALCAHUE 110KV BP1,Desconocida
SANPEDRO______013,BA S/E SAN PEDRO (CGE) 15KV B1,Desconocida
SANPEDRO______066,BA S/E SAN PEDRO (CGE) 66KV B1,Desconocida
SANTACLARA____066,,Desconocida
SANTACLARA____220,BA S/E SANTA CLARA 220 KV BP1,Desconocida
SANTACRUZ_____013,BA S/E SANTA CRUZ 17.5KV BP1,Desconocida
SANTACRUZ_____066,BA S/E SANTA CRUZ 66KV BP1,Desconocida
SANTAFE_______006,BA S/E CELULOSA SANTA FE 6.6KV,Desconocida
SANTAFE_______013,BA S/E CELULOSA SANTA FE 13.2KV,Desconocida
SANTAFE_______220,BA S/E CELULOSA SANTA FE 220KV BP1,Desconocida
SANTA_BARBARA_013,BA S/E SANTA BARBARA 13.8KV,Desconocida
SANTA_BARBARA_066,BA S/E SANTA BARBARA 66KV [No_Mostrar],Desconocida
SANTA_ELENA___013,BA S/E SANTA ELENA 12KV BP5,Desconocida
SANTA_ELENA___110,BA S/E SANTA ELENA 110KV BP1,Desconocida
SANTA_MARTA___013,BA S/E SANTA MARTA 12KV BP1,Desconocida
SANTA_MARTA___023,BA S/E SANTA MARTA 23KV BA3,Desconocida
SANTA_MARTA___110,BA S/E SANTA MARTA 110KV BP1,Desconocida
SANTA_RAQUEL__013,BA S/E SANTA RAQUEL 12KV BP1,Desconocida
SANTA_RAQUEL__110,BA S/E SANTA RAQUEL 110KV BP1,Desconocida
SANTA_ROSA_S__013,BA S/E SANTA ROSA SUR 12KV BA1,Desconocida
SANTA_ROSA_S__110,BA S/E SANTA ROSA SUR 110KV BP1,Desconocida
SANT_SOLAR____110,BA S/E SANTIAGO SOLAR 110KV BP1,Metropolitana
SAN_BERNARDO__013,BA S/E SAN BERNARDO 12KV BP1,Desconocida
SAN_BERNARDO__110,BA S/E SAN BERNARDO 110KV BP1,Desconocida
SAN_CLEMENTE__013,BA S/E SAN CLEMENTE 13.2KV BP1,Desconocida
SAN_CLEMENTE__066,BA S/E CENTRAL SAN CLEMENTE 66KV,Desconocida
SAN_CRISTOBAL_012,BA S/E SAN CRISTOBAL 12KV BP1,Desconocida
SAN_CRISTOBAL_110,BA S/E SAN CRISTOBAL 110KV BP1,Desconocida
SAN_FRANCISCO_220,BA S/E SECCIONADORA FRANCISCO 220KV BP1,Desconocida
SAN_IGNACIO___066,BA S/E SAN IGNACIO 66KV,Desconocida
SAN_JOAQUIN___013,BA S/E SAN JOAQUIN (ENEL TRANSMISION) 12KV BP1,Desconocida
SAN_JOAQUIN___110,BA S/E SAN JOAQUIN (ENEL TRANSMISION) 110KV BP1,Desconocida
SAN_JOSE______013,BA S/E SAN JOSE 12KV BP1,Desconocida
SAN_JOSE______110,BA S/E SAN JOSE 110KV BP1,Desconocida
SAN_JUAN______013,BA S/E SAN JUAN 13.2KV,Desconocida
SAN_JUAN______066,BA S/E SAN JUAN 66KV,Desconocida
SAN_PABLO_____013,,Desconocida
SAN_PABLO_____023,BA S/E SAN PABLO 23KV BA,Desconocida
SAN_PABLO_____110,BA S/E SAN PABLO 110KV BP1,Desconocida
SARCO_________220,,Desconocida
SAUZAL1_______110,BA S/E SAUZAL 110KV BP1,Desconocida
SAUZAL2_______110,BA S/E SAUZAL 110KV BP2,Desconocida
SAUZALITO_____013,,Desconocida
SAUZAL________013,BA S/E SAUZAL 13.8KV,Desconocida
SAUZAL________154,,Desconocida
SENORAZA______066,BA S/E LA SEÑORAZA 66KV BP1 [EN_REVISION],Desconocida
SENORAZA______220,BA S/E LA SEÑORAZA 220KV BP1 [EN_REVISION],Desconocida
SOLARJAMA_____220,BA S/E SOLAR JAMA 220KV BP,Desconocida
SOLIS_________154,BA S/E SOLIS 154KV BP1,Desconocida
SPENCE________220,BA S/E SPENCE 220KV BP,Desconocida
STA.ELISA_____023,BA S/E SANTA ELISA 23KV,Desconocida
STA.ELISA_____033,,Desconocida
STA.ELVIRA____013,BA S/E SANTA ELVIRA 15KV BP1,Desconocida
STA.ELVIRA____066,BA S/E SANTA ELVIRA 66kV BP1-S1 [NO_MOSTRAR],Desconocida
STA.FE________154,,Desconocida
STA.LUISA_____154,BA S/E SANTA LUISA 154KV BP1,Desconocida
STA.MARIA_____220,BA S/E SANTA MARIA 220KV BP1,Desconocida
STA.ROSA______023,BA S/E SANTA ROSA (CGE) 23KV,Desconocida
STA.ROSA______066,BA S/E SANTA ROSA (CGE) 66KV B1,Desconocida
STA_ISABEL____220,BA S/E SANTA ISABEL 220 KV BP1 [NO_MOSTRAR],Desconocida
STA_RAQUEL____020,BA S/E SANTA RAQUEL 20.4KV BP5 [No_Mostrar],Desconocida
SULFUROS______220,BA S/E SULFUROS 220KV BP,Desconocida
SUM_COLLAHUAS_220,BA S/E COLLAHUASI 220KV BP2,Desconocida
SUM_COLOSO____220,BA S/E COLOSO 220KV BP2,Desconocida
SUM_DOMEYKO___220,BA S/E DOMEYKO 220KV BP2,Desconocida
SUM_EKA.CHILE_154,BA S/E EKA CHILE 154KV BP1,Desconocida
SUM_MAPAL_____154,BA S/E MAPAL 154KV BP [NO_MOSTRAR],Desconocida
SUM_OGP1______220,BA S/E OGP1 220KV BP1,Desconocida
SUM_PALLATA___220,BA S/E PALLATA 220KV BP1 [No_Mostrar],Desconocida
SUM_QUILLOTA__220,BA S/E QUILLOTA 220KV BP1-2,Valparaíso
SUR___________013,BA S/E SUR 13.8KV,Desconocida
SUR___________110,BA S/E SUR 110KV [NO_MOSTRAR],Desconocida
T.A.MELIP_____110,BA S/E TAP OFF ALTO MELIPILLA (CGE) 110KV BP1,Desconocida
T.ACCNORTE____110,,Desconocida
T.AMARILLA____023,BA S/E TIERRA AMARILLA 23KV BP1-S1,Desconocida
T.AMARILLA____110,BA S/E TIERRA AMARILLA 110KV BP1-S1,Desconocida
T.BOCAS_______066,,Desconocida
T.CARAMPANGUE_066,,Desconocida
T.LLANBLANCOS_220,,Desconocida
T.NIHUE_______066,BA TAP OFF NIHUE 66KV,Desconocida
T.PINOS_______013,BA S/E TRES PINOS 13.2KV,Desconocida
T.PINOS_______066,BA S/E TRES PINOS 66KV,Desconocida
T.SEBASTIAN___066,,Desconocida
TA.HOSPICIO___110,,Desconocida
TAIRA1________033,BA S/E TAIRA 36kV BP1,Desconocida
TAIRA1________220,BA S/E TAIRA 220kV BP1,Desconocida
TAIRA2________033,BA S/E TAIRA 36kV BP2,Desconocida
TAIRA2________220,BA S/E TAIRA 220kV BT1,Desconocida
TALCA1________066,BA S/E TALCA 66KV BP1,Maule
TALCA2________066,BA S/E TALCA 66KV BP2 (HACIA LINARES),Maule
TALCAHUANO____013,BA S/E TALCAHUANO 15KV C1,Maule
TALCAHUANO____066,BA S/E TALCAHUANO 66KV,Maule
TALCAHUANO____154,BA S/E TALCAHUANO 154KV BP1,Maule
TALCA_________013,BA S/E TALCA 13.8KV,Maule
TALTAL________013,BA S/E TALTAL (ELECDA) 13.2KV ,Desconocida
TALTAL________110,,Desconocida
TAMANGO_______066,BA S/E TAMANGO 66kV BP1,Desconocida
TAMARUGAL_____023,BA S/E TAMARUGAL 23KV BP1,Desconocida
TAMARUGAL_____066,BA S/E TAMARUGAL 66KV BP1,Desconocida
TAP.CONCON____110,,Desconocida
TAP.ELEDEN____110,,Desconocida
TAP.MANZANO___066,BA S/E TAP OFF EL MANZANO (LITORAL) 66kV BP1,Desconocida
TAP.QUINTAY___066,BA S/E TAP OFF QUINTAY 66kV BP1,Desconocida
TAP.RENACA____110,,Desconocida
TAP1_MAQUIS___110,,Desconocida
TAP2_MAQUIS___110,,Desconocida
TAPCSJAVIER___066,,Desconocida
TAPIMPULSO____110,,Desconocida
TAPLLANQUIHUE_220,,Desconocida
TAPLLAUQUEREO_023,,Desconocida
TAPLOA________220,BA S/E TAP OFF EL LOA 220KV BP,Desconocida
TAPMREDON_____220,BA S/E CENTRAL MONTE REDONDO 220KV [No_Mostrar],Desconocida
TAPNEVADO_____066,BA S/E TAP OFF EL NEVADO 66 kV BP1 [NO_MOSTRAR],Desconocida
TAPS.FELIPE___110,,Desconocida
TAPS.RAFAEL___110,,Desconocida
TAPTALTAL1____220,BA TAP OFF TAL TAL 220KV BP2 [NO_MOSTRAR],Desconocida
TAPTALTAL2____220,,Desconocida
TAP_ALAMEDA___066,BA S/E ALAMEDA 66KV T2,Desconocida
TAP_BICENTENA_110,,Desconocida
TAP_BUIN______110,,Desconocida
TAP_BUREO_____220,,Desconocida
TAP_CALEU_____044,,Desconocida
TAP_CARRASCAL_110,,Desconocida
TAP_CHACABUCO_110,,Desconocida
TAP_CHAGRES___110,,Desconocida
TAP_CHANARES__110,,Desconocida
TAP_CHICUREO__220,,Desconocida
TAP_C_HIPICO__110,,Desconocida
TAP_DUQUECO___066,,Desconocida
TAP_EL_MAITEN_066,,Desconocida
TAP_EL_ROMERO_220,,Desconocida
TAP_ENTEL_____044,,Desconocida
TAP_FOPACO____154,,Desconocida
TAP_HIERROS2__110,,Desconocida
TAP_HOSPITAL__066,BA S/E TAP OFF HOSPITAL 66 kV BP1 [NO_MOSTRAR],Desconocida
TAP_LA_DEHESA_110,,Desconocida
TAP_LA_PALOMA_066,BA S/E TAP OFF LA PALOMA 66 kV BP1,Desconocida
TAP_LA_REINA__110,,Desconocida
TAP_LOMA_ALTA_220,,Desconocida
TAP_LOMA_COL__066,BA S/E TAP OFF LOMA COLORADA 66 kV BP1-S1 [NO_MOSTRAR],Desconocida
TAP_LOTA______066,,Desconocida
TAP_LO_BOZA___110,,Desconocida
TAP_MACUL_____110,,Desconocida
TAP_MCA_______220,,Desconocida
TAP_P.HONDO___066,BA S/E TAP OFF PASO HONDO 66kV BP1,Desconocida
TAP_PAJARITOS_110,,Desconocida
TAP_PALACIOS__023,BA TAP OFF PALACIOS 23KV,Desconocida
TAP_POLPAICO__066,BA S/E POLPAICO(CEMENTOS POLPAICO) 66KV,Metropolitana
TAP_PULELFU___066,BA S/E PULELFU 66KV,Desconocida
TAP_PUTAGAN___066,,Desconocida
TAP_QUILICURA_110,,Desconocida
TAP_RCOLORADO_066,BA S/E CENTRAL RIO COLORADO 66KV,Desconocida
TAP_RECOLETA__110,,Desconocida
TAP_RIOHUASCO_110,,Desconocida
TAP_RIOTOLTEN_220,BA S/E SECCIONADORA RIO TOLTEN 220KV BP2,Desconocida
TAP_ROSAL_____220,BA TAP EL ROSAL 220KV B1 [NO_MOSTRAR],Desconocida
TAP_S.P_P.B.B_066,,Desconocida
TAP_S.RAFAEL__066,,Desconocida
TAP_SAN_JOSE__110,,Desconocida
TAP_STA_MARTA_110,,Desconocida
TAP_STA_MARTA_220,BA S/E CENTRAL SANTA MARTA 220KV BP1,Desconocida
TAP_TALINAY___220,BA S/E CENTRAL TALINAY ORIENTE 220KV BP1,Desconocida
TAP_TRUPAN____220,,Desconocida
TAP_VICTORIA__066,BA S/E TAP OFF VICTORIA FFCC 66 kV BP1,Desconocida
TAP_VILLASECA_154,,Desconocida
TAP_VITACURA__110,,Desconocida
TARAPACA______011,BA S/E CENTRAL TARAPACA 11.5KV-TGTAR,Tarapacá
TARAPACA______013,BA S/E CENTRAL TARAPACA 13.8KV,Tarapacá
TARAPACA______220,BA S/E TARAPACA 220KV BP2,Tarapacá
TBARRILES_____220,BA S/E TAP OFF BARRILES 13.2KV,Desconocida
TCAPRICORNIO__220,,Desconocida
TCBB__________066,BA S/E TCBB 66KV BP1 [EN_REVISION],Desconocida
TCERROBALCON__110,BA S/E TAP OFF CERRO BALCON,Desconocida
TCHITACK______220,BA S/E TCHITACK 220KV BP1,Desconocida
TCHIZA________110,BA S/E TAP OFF CHIZA,Desconocida
TCUYA_________013,BA S/E TAP OFF CUYA 13.8KV,Desconocida
TCUYA_________110,BA S/E TAP OFF CUYA 110KV,Desconocida
TEMUCO________013,BA S/E TEMUCO 13.2KV,La Araucanía
TEMUCO________023,BA S/E TEMUCO 23KV,La Araucanía
TEMUCO________066,BA S/E TEMUCO 66kV BP1-1,La Araucanía
TEMUCO________220,BA S/E TEMUCO 220KV BP1-1,La Araucanía
TENO1_________154,,Desconocida
TENO2_________154,BA S/E TENO 154 kV BP1-S2,Desconocida
TENO__________013,BA S/E TENO 13.2KV BP1,Desconocida
TENO__________066,BA S/E TENO 66KV BP1,Desconocida
TENO__________154,BA S/E TENO 154KV BP1,Desconocida
TEN___________220,BA S/E TEN GIS 220KV BP1,Desconocida
TERMOPACIFIC__220,BA S/E CENTRAL TERMOPACIFICO 220KV BP1,Desconocida
TESORO________023,BA S/E EL TESORO 23KV,Desconocida
TESORO________220,BA S/E EL TESORO 220KV BP,Desconocida
TIGRE_________220,BA S/E TIGRE 220KV BP1,Desconocida
TILCOCO1______154,BA TAP TILCOCO 154KV,Desconocida
TILCOCO2______154,,Desconocida
TILOS_BULNES__013,"BA S/E LOS TILOS BULNES 13,8KV B1",Desconocida
TILOS_BULNES__066,BA S/E BULNES (FFCC) 66KV,Desconocida
TINGUIRIRICA__154,BA S/E TINGUIRIRICA 154KV BP1,Desconocida
TINGUIRIRICA__220,BA S/E TINGUIRIRICA 220KV BP1,Desconocida
TLIBERTADORES_110,BA S/E TAP LIBERTADORES 110 KV BP1,Desconocida
TMALPASO______110,BA S/E TAP OFF MAL PASO,Desconocida
TMAYACA_______110,,Desconocida
TMELON________012,BA S/E TUNEL EL MELON 12kV BP1,Desconocida
TMELON________044,BA S/E TUNEL EL MELON 44kV BP1,Desconocida
TNVICTORIA____220,BA S/E TAP OFF NUEVA VICTORIA 220KV [NO_MOSTRAR],Desconocida
TOCOPILLA_____005,BA S/E TOCOPILLA 5KV,Antofagasta
TOCOPILLA_____011,BA S/E CENTRAL TOCOPILLA 11.5KV TG1,Antofagasta
TOCOPILLA_____021,BA S/E CENTRAL TOCOPILLA 21KV-U16,Antofagasta
TOCOPILLA_____110,BA S/E CENTRAL TOCOPILLA 110KV BP1-2,Antofagasta
TOCOPILLA_____220,BA S/E CENTRAL TOCOPILLA 220KV BP1,Antofagasta
TOESTE________220,BA S/E TAP OFF OESTE 220KV [NO_MOSTRAR],Desconocida
TOFF.ARICA____110,,Arica y Parinacota
TOFF.DESALANT_110,BA S/E TAP OFF DESALANT 110KV [NO_MOSTRAR],Desconocida
TOFF.DOLORES__023,BA S/E TAP OFF DOLORES 24KV,Desconocida
TOFF.DOLORES__110,BA S/E TAP OFF DOLORES 110KV,Desconocida
TOFF.GARZAS___220,,Desconocida
TOFF.LLANOS___066,BA S/E TAP OFF LLANOS 66KV,Desconocida
TOFF.LLANOS___220,BA S/E TAP OFF LLANOS 220KV [NO_MOSTRAR],Desconocida
TOFF.MAURO____220,BA TAP OFF MAURO 220KV BP1,Desconocida
TOFF.MISTRAL__220,,Desconocida
TOFF.PALES____220,BA S/E TAP OFF PALESTINA 220KV [NO_MOSTRAR],Desconocida
TOFF.QUIANI___066,BA S/E TAP OFF QUIANI 66KV [NO_MOSTRAR],Desconocida
TOFF.QUILLA___220,,Desconocida
TOFF.RUCASOL__110,,Desconocida
TOFF.SOCOMPA__110,,Desconocida
TOFFPAMPALINA_220,,Desconocida
TOLPAN________220,,Desconocida
TOME__________023,BA S/E TOME 23KV,Desconocida
TOME__________066,BA S/E TOME 66KV B1,Desconocida
TORQUEMADA____110,BA S/E TORQUEMADA 110kV BP1,Desconocida
TOTORALICMP___220,BA S/E TOTORALILLO 220KV BP1,Desconocida
TOTORALILLO___110,BA S/E TOTORALILLO 110KV BP1,Desconocida
TOTORAL_______012,BA S/E EL TOTORAL 12kV BP1,Desconocida
TOTORAL_______066,BA S/E TOTORALILLO 66KV,Desconocida
TRAIGUEN______013,BA S/E TRAIGUEN 13.2KV,Desconocida
TRAIGUEN______066,BA S/E TRAIGUEN 66KV,Desconocida
TRESESQUINAS__013,BA S/E TRES ESQUINAS 13.8KV BP1,Desconocida
TRESESQUINAS__066,BA S/E TRES ESQUINAS 066KV,Desconocida
TS.GORDA_E____220,BA S/E SIERRA GORDA ETAPA 1 220KV BP1 [NO_MOSTRAR],Desconocida
TTAMARUGAL____066,BA TAP OFF TAMARUGAL 66KV,Desconocida
TUMBES________015,BA S/E TUMBES 15KV,Desconocida
TUMBES________066,BA S/E TUMBES 66KV,Desconocida
TUNICHE1______154,,Desconocida
TUNICHE2______154,,Desconocida
TUNICHE_______015,BA S/E TUNICHE 15KV BP1,Desconocida
TUNICHE_______066,BA S/E TUNICHE 66KV BP1,Desconocida
TURIBE________110,BA S/E TAP OFF URIBE 110kV BP1,Desconocida
TVITOR2_______110,,Desconocida
TVITOR________023,BA S/E TAP OFF VITOR N°2 23KV BP1 [EN_REVISION],Desconocida
TVITOR________110,BA S/E TAP OFF VITOR [NO_MOSTRAR],Desconocida
T_ALTAMIRANO__110,,Desconocida
T_LA_CISTERNA_110,,Desconocida
T_LO_VALLEDOR_110,,Desconocida
T_L_DOMINICOS_110,BA S/E LOS DOMINICOS 110KV BP2,Desconocida
T_QUEBRADAS___220,BA S/E TRES QUEBRADAS 220KV BP,Desconocida
T_STA_ELENA___110,,Desconocida
T_STA_RAQUEL__110,,Desconocida
T_S_BERNARDO__110,,Desconocida
URIBE_SOLAR___110,,Desconocida
URIBE_________023,BA S/E URIBE 23KV,Desconocida
URIBE_________110,BA S/E URIBE 110KV BP,Desconocida
V.ALEGRE______013,BA S/E VILLA ALEGRE 15KV BP1,Desconocida
V.ALEGRE______066,BA S/E VILLA ALEGRE (FFCC) 66KV,Desconocida
V.PRAT________013,BA S/E VILLA PRAT 13.2KV,Desconocida
V.PRAT________066,BA S/E VILLA PRAT 66KV,Desconocida
VALDIVIA______013,BA S/E VALDIVIA (STS) 23kV BP2-S1,Los Ríos
VALDIVIA______066,BA S/E VALDIVIA (STS) 66KV BP1-S1,Los Ríos
VALDIVIA______220,BA S/E VALDIVIA 220KV BP1,Los Ríos
VALLENAR______013,BA S/E VALLENAR 13.8KV BP1,Atacama
VALLENAR______110,BA S/E VALLENAR 110KV BP1,Atacama
VALLE_ESC_____220,BA S/E VALLE ESCONDIDO 220 KV BP1,Desconocida
VALPARAISO____013,BA S/E VALPARAISO 12kV BP1,Valparaíso
VALPARAISO____110,BA S/E VALPARAISO 110kV BP1,Valparaíso
VENTANAS______110,BA S/E VENTANAS 110KV BP1-1,Desconocida
VENTANAS______220,,Desconocida
VERBENAS______220,BA S/E VERBENAS 220kV BP1 [EN_REVISION],Desconocida
VICTORIA______013,BA S/E VICTORIA 13.2KV BP1,Desconocida
VICTORIA______066,BA S/E VICTORIA 66KV BP1,Desconocida
VICTOR_JARA___220,BA S/E VICTOR JARA 220kV BP1 [EN_REVISION],Desconocida
VICUNA________013,,Desconocida
VICUNA________023,BA S/E VICUÑA 23KV,Desconocida
VICUNA________110,BA S/E VICUÑA 110KV BP1,Desconocida
VILLARES______012,,Desconocida
VILLARES______110,,Desconocida
VILLARRICA____013,BA S/E VILLARRICA 23KV,La Araucanía
VILLARRICA____066,BA S/E VILLARRICA 66KV,La Araucanía
VITACURA______013,BA S/E VITACURA 12.5KV BP1,Desconocida
VITACURA______110,BA S/E VITACURA 110KV BP1,Desconocida
Y.BUENAS______013,BA S/E YERBAS BUENAS 13.2kV BP1,Desconocida
Y.BUENAS______154,BA S/E YERBAS BUENAS 154KV BP1,Desconocida
YARETA________220,BA S/E YARETA 220kV BP1 GIS [EN_REVISION],Desconocida
ZALDIVAR______220,BA S/E ZALDIVAR 220KV BP1,Desconocida
ZONA_CAIDA____066,BA S/E ZONA DE CAIDA 66KV,Desconocida
ZONA_CAIDA____220,BA S/E ZONA DE CAIDA 220KV [NO_MOSTRAR],Desconocida
ZONA_CONCE____220,,Desconocida
