Periodo,anio,trimestre,region,pib_millones_clp
2013-03-01,2013,1,Antofagasta,3685.1189010479
2013-06-01,2013,2,Antofagasta,3869.7920355716
2013-09-01,2013,3,Antofagasta,3752.1905754364
2013-12-01,2013,4,Antofagasta,4057.679834899
2014-03-01,2014,1,Antofagasta,3762.9250333834
2014-06-01,2014,2,Antofagasta,4156.2340624138
2014-09-01,2014,3,Antofagasta,3844.8321647261
2014-12-01,2014,4,Antofagasta,4295.8296628718
2015-03-01,2015,1,Antofagasta,4038.6514372301
2015-06-01,2015,2,Antofagasta,4135.8607557255
2015-09-01,2015,3,Antofagasta,3839.8297218129
2015-12-01,2015,4,Antofagasta,4049.8606637305
2016-03-01,2016,1,Antofagasta,3821.6244382145
2016-06-01,2016,2,Antofagasta,3894.8484242745
2016-09-01,2016,3,Antofagasta,3689.9155365536
2016-12-01,2016,4,Antofagasta,3936.0410782602
2017-03-01,2017,1,Antofagasta,3226.3882239608
2017-06-01,2017,2,Antofagasta,3627.7413455278
2017-09-01,2017,3,Antofagasta,3858.929561046
2017-12-01,2017,4,Antofagasta,4163.8627608226
2018-03-01,2018,1,Antofagasta,3921.9308992553
2018-06-01,2018,2,Antofagasta,3907.6407832228
2018-09-01,2018,3,Antofagasta,3872.6964801846
2018-12-01,2018,4,Antofagasta,4271.891064157
2019-03-01,2019,1,Antofagasta,3741.3783242103
2019-06-01,2019,2,Antofagasta,3936.8514329652
2019-09-01,2019,3,Antofagasta,4026.4940882632
2019-12-01,2019,4,Antofagasta,4260.8772419825
2020-03-01,2020,1,Antofagasta,3880.4909150714
2020-06-01,2020,2,Antofagasta,3796.4757169702
2020-09-01,2020,3,Antofagasta,3829.9092130852
2020-12-01,2020,4,Antofagasta,4182.2786310809
2021-03-01,2021,1,Antofagasta,3724.4741518175
2021-06-01,2021,2,Antofagasta,3857.0917606216
2021-09-01,2021,3,Antofagasta,3784.4313910219
2021-12-01,2021,4,Antofagasta,4171.0485206942
2022-03-01,2022,1,Antofagasta,3564.7021245876
2022-06-01,2022,2,Antofagasta,3896.0054315662
2022-09-01,2022,3,Antofagasta,3733.7105320291
2022-12-01,2022,4,Antofagasta,4269.6328408328
2023-03-01,2023,1,Antofagasta,3666.8604349855
2023-06-01,2023,2,Antofagasta,3899.4725135268
2023-09-01,2023,3,Antofagasta,4101.5764659566
2023-12-01,2023,4,Antofagasta,4439.4322089249
2024-03-01,2024,1,Antofagasta,4039.421128294
2024-06-01,2024,2,Antofagasta,4208.0926824169
2024-09-01,2024,3,Antofagasta,4422.5725434584
2024-12-01,2024,4,Antofagasta,4948.2896597001
2025-03-01,2025,1,Antofagasta,4230.8783968366
2025-06-01,2025,2,Antofagasta,4465.6375682535
2025-09-01,2025,3,Antofagasta,4419.6169279123
2025-12-01,2025,4,Antofagasta,4777.119712945
2026-03-01,2026,1,Antofagasta,4006.3234201107
2013-03-01,2013,1,Arica y Parinacota,285.36872786345
2013-06-01,2013,2,Arica y Parinacota,317.00816096204
2013-09-01,2013,3,Arica y Parinacota,344.37511268088
2013-12-01,2013,4,Arica y Parinacota,333.59351612795
2014-03-01,2014,1,Arica y Parinacota,293.19947794208
2014-06-01,2014,2,Arica y Parinacota,339.65746364637
2014-09-01,2014,3,Arica y Parinacota,329.01293986334
2014-12-01,2014,4,Arica y Parinacota,343.54949708098
2015-03-01,2015,1,Arica y Parinacota,296.65582427351
2015-06-01,2015,2,Arica y Parinacota,328.82448199809
2015-09-01,2015,3,Arica y Parinacota,353.85682802502
2015-12-01,2015,4,Arica y Parinacota,358.12627744052
2016-03-01,2016,1,Arica y Parinacota,303.44013032785
2016-06-01,2016,2,Arica y Parinacota,327.89312416209
2016-09-01,2016,3,Arica y Parinacota,361.35890813385
2016-12-01,2016,4,Arica y Parinacota,360.84700652329
2017-03-01,2017,1,Arica y Parinacota,319.00417887312
2017-06-01,2017,2,Arica y Parinacota,352.5001944605
2017-09-01,2017,3,Arica y Parinacota,369.32076307995
2017-12-01,2017,4,Arica y Parinacota,367.92577015922
2018-03-01,2018,1,Arica y Parinacota,331.17797273256
2018-06-01,2018,2,Arica y Parinacota,346.83194978311
2018-09-01,2018,3,Arica y Parinacota,360.59420872408
2018-12-01,2018,4,Arica y Parinacota,393.06103421658
2019-03-01,2019,1,Arica y Parinacota,313.80365081759
2019-06-01,2019,2,Arica y Parinacota,357.22737762119
2019-09-01,2019,3,Arica y Parinacota,365.84886403718
2019-12-01,2019,4,Arica y Parinacota,382.08162152872
2020-03-01,2020,1,Arica y Parinacota,323.65119181535
2020-06-01,2020,2,Arica y Parinacota,305.18438901224
2020-09-01,2020,3,Arica y Parinacota,313.3602169399
2020-12-01,2020,4,Arica y Parinacota,386.30965773196
2021-03-01,2021,1,Arica y Parinacota,332.31051058683
2021-06-01,2021,2,Arica y Parinacota,385.31937459273
2021-09-01,2021,3,Arica y Parinacota,392.18549763668
2021-12-01,2021,4,Arica y Parinacota,443.02005590745
2022-03-01,2022,1,Arica y Parinacota,369.64489048637
2022-06-01,2022,2,Arica y Parinacota,425.611261794
2022-09-01,2022,3,Arica y Parinacota,427.86413439816
2022-12-01,2022,4,Arica y Parinacota,440.23893197388
2023-03-01,2023,1,Arica y Parinacota,372.30230836046
2023-06-01,2023,2,Arica y Parinacota,405.81244945489
2023-09-01,2023,3,Arica y Parinacota,431.11417685884
2023-12-01,2023,4,Arica y Parinacota,475.28907043838
2024-03-01,2024,1,Arica y Parinacota,402.4234506104
2024-06-01,2024,2,Arica y Parinacota,434.60973064337
2024-09-01,2024,3,Arica y Parinacota,449.57560463843
2024-12-01,2024,4,Arica y Parinacota,476.91739447809
2025-03-01,2025,1,Arica y Parinacota,417.07365640571
2025-06-01,2025,2,Arica y Parinacota,461.28073989891
2025-09-01,2025,3,Arica y Parinacota,482.63569972072
2025-12-01,2025,4,Arica y Parinacota,495.70664475868
2026-03-01,2026,1,Arica y Parinacota,409.229661472
2013-03-01,2013,1,Atacama,882.84778355134
2013-06-01,2013,2,Atacama,851.18665629085
2013-09-01,2013,3,Atacama,872.35400843442
2013-12-01,2013,4,Atacama,984.61914312471
2014-03-01,2014,1,Atacama,938.1770357688
2014-06-01,2014,2,Atacama,882.79426568544
2014-09-01,2014,3,Atacama,926.93123231657
2014-12-01,2014,4,Atacama,989.36594987209
2015-03-01,2015,1,Atacama,935.34346171491
2015-06-01,2015,2,Atacama,871.92207569114
2015-09-01,2015,3,Atacama,872.5878361492
2015-12-01,2015,4,Atacama,972.68122290685
2016-03-01,2016,1,Atacama,982.28714324555
2016-06-01,2016,2,Atacama,909.41686318526
2016-09-01,2016,3,Atacama,915.88645309517
2016-12-01,2016,4,Atacama,986.33282618366
2017-03-01,2017,1,Atacama,959.18747085713
2017-06-01,2017,2,Atacama,902.17972858394
2017-09-01,2017,3,Atacama,945.51130639031
2017-12-01,2017,4,Atacama,953.44329579719
2018-03-01,2018,1,Atacama,921.72858009432
2018-06-01,2018,2,Atacama,897.5607252153
2018-09-01,2018,3,Atacama,895.84107582351
2018-12-01,2018,4,Atacama,956.31003013224
2019-03-01,2019,1,Atacama,857.18306619739
2019-06-01,2019,2,Atacama,856.72625436961
2019-09-01,2019,3,Atacama,892.6585808296
2019-12-01,2019,4,Atacama,906.10310219032
2020-03-01,2020,1,Atacama,895.94026241281
2020-06-01,2020,2,Atacama,859.6920643635
2020-09-01,2020,3,Atacama,856.24534978907
2020-12-01,2020,4,Atacama,913.29584657996
2021-03-01,2021,1,Atacama,940.85209811156
2021-06-01,2021,2,Atacama,973.23631265094
2021-09-01,2021,3,Atacama,954.76162275922
2021-12-01,2021,4,Atacama,1076.7272319527
2022-03-01,2022,1,Atacama,998.47184453922
2022-06-01,2022,2,Atacama,986.27422523442
2022-09-01,2022,3,Atacama,917.03063938285
2022-12-01,2022,4,Atacama,1062.6333365247
2023-03-01,2023,1,Atacama,974.94865898765
2023-06-01,2023,2,Atacama,1004.4267390421
2023-09-01,2023,3,Atacama,968.66002046392
2023-12-01,2023,4,Atacama,1068.9171340036
2024-03-01,2024,1,Atacama,1019.5471400233
2024-06-01,2024,2,Atacama,966.53944343152
2024-09-01,2024,3,Atacama,1019.1385374337
2024-12-01,2024,4,Atacama,1135.231169719
2025-03-01,2025,1,Atacama,1136.1638555935
2025-06-01,2025,2,Atacama,1145.4388099822
2025-09-01,2025,3,Atacama,1147.5741916105
2025-12-01,2025,4,Atacama,1343.7011921597
2026-03-01,2026,1,Atacama,1255.4303708233
2013-03-01,2013,1,Aysén,282.30159838876
2013-06-01,2013,2,Aysén,272.41708682966
2013-09-01,2013,3,Aysén,266.41517956949
2013-12-01,2013,4,Aysén,281.13295811368
2014-03-01,2014,1,Aysén,276.99373559923
2014-06-01,2014,2,Aysén,290.48261375286
2014-09-01,2014,3,Aysén,273.7550908282
2014-12-01,2014,4,Aysén,300.91745133283
2015-03-01,2015,1,Aysén,282.78278857048
2015-06-01,2015,2,Aysén,267.35712156914
2015-09-01,2015,3,Aysén,255.44001494808
2015-12-01,2015,4,Aysén,280.168486194
2016-03-01,2016,1,Aysén,269.44610088838
2016-06-01,2016,2,Aysén,261.58127257997
2016-09-01,2016,3,Aysén,270.20621140674
2016-12-01,2016,4,Aysén,287.51455703221
2017-03-01,2017,1,Aysén,268.88467674754
2017-06-01,2017,2,Aysén,297.72569152629
2017-09-01,2017,3,Aysén,309.03392307743
2017-12-01,2017,4,Aysén,323.90374193749
2018-03-01,2018,1,Aysén,285.87504356033
2018-06-01,2018,2,Aysén,307.12392289029
2018-09-01,2018,3,Aysén,318.94447299377
2018-12-01,2018,4,Aysén,316.52916084419
2019-03-01,2019,1,Aysén,300.43249089702
2019-06-01,2019,2,Aysén,311.1652243204
2019-09-01,2019,3,Aysén,316.04103525634
2019-12-01,2019,4,Aysén,316.79790244461
2020-03-01,2020,1,Aysén,273.15248996032
2020-06-01,2020,2,Aysén,263.60126466663
2020-09-01,2020,3,Aysén,306.47371048323
2020-12-01,2020,4,Aysén,276.83206557865
2021-03-01,2021,1,Aysén,279.87456004495
2021-06-01,2021,2,Aysén,296.58480057495
2021-09-01,2021,3,Aysén,315.85450399548
2021-12-01,2021,4,Aysén,304.91941594247
2022-03-01,2022,1,Aysén,278.80811164618
2022-06-01,2022,2,Aysén,303.67030923376
2022-09-01,2022,3,Aysén,320.08463643739
2022-12-01,2022,4,Aysén,313.02606658596
2023-03-01,2023,1,Aysén,306.79670036006
2023-06-01,2023,2,Aysén,342.92696062155
2023-09-01,2023,3,Aysén,341.6788494511
2023-12-01,2023,4,Aysén,313.11887592274
2024-03-01,2024,1,Aysén,303.74708762349
2024-06-01,2024,2,Aysén,326.46321302478
2024-09-01,2024,3,Aysén,342.14426753299
2024-12-01,2024,4,Aysén,346.2712930415
2025-03-01,2025,1,Aysén,337.13978436992
2025-06-01,2025,2,Aysén,362.64877690201
2025-09-01,2025,3,Aysén,363.5570797154
2025-12-01,2025,4,Aysén,367.1819692007
2026-03-01,2026,1,Aysén,328.22095879137
2013-03-01,2013,1,Biobío,2313.0710610883
2013-06-01,2013,2,Biobío,2496.0303244463
2013-09-01,2013,3,Biobío,2430.2980381801
2013-12-01,2013,4,Biobío,2548.6770667703
2014-03-01,2014,1,Biobío,2405.4610074421
2014-06-01,2014,2,Biobío,2627.7704302389
2014-09-01,2014,3,Biobío,2498.457455026
2014-12-01,2014,4,Biobío,2618.5278864661
2015-03-01,2015,1,Biobío,2402.7660778207
2015-06-01,2015,2,Biobío,2655.5301728462
2015-09-01,2015,3,Biobío,2589.2541458149
2015-12-01,2015,4,Biobío,2747.9426947895
2016-03-01,2016,1,Biobío,2522.2931344482
2016-06-01,2016,2,Biobío,2730.7170065967
2016-09-01,2016,3,Biobío,2592.3905408342
2016-12-01,2016,4,Biobío,2720.8728948201
2017-03-01,2017,1,Biobío,2576.9824280081
2017-06-01,2017,2,Biobío,2760.5456650853
2017-09-01,2017,3,Biobío,2663.6735671402
2017-12-01,2017,4,Biobío,2800.9969007769
2018-03-01,2018,1,Biobío,2738.8935827672
2018-06-01,2018,2,Biobío,2944.8040717201
2018-09-01,2018,3,Biobío,2726.4435132113
2018-12-01,2018,4,Biobío,2926.2790012408
2019-03-01,2019,1,Biobío,2768.80403937
2019-06-01,2019,2,Biobío,3022.7860307231
2019-09-01,2019,3,Biobío,2829.7358723636
2019-12-01,2019,4,Biobío,2882.1871925679
2020-03-01,2020,1,Biobío,2776.0122276908
2020-06-01,2020,2,Biobío,2656.204395263
2020-09-01,2020,3,Biobío,2567.2637773185
2020-12-01,2020,4,Biobío,2859.0128193279
2021-03-01,2021,1,Biobío,2814.8436582502
2021-06-01,2021,2,Biobío,3075.3642174162
2021-09-01,2021,3,Biobío,2891.9029780907
2021-12-01,2021,4,Biobío,3079.3353807519
2022-03-01,2022,1,Biobío,2972.5965824016
2022-06-01,2022,2,Biobío,3110.7971084217
2022-09-01,2022,3,Biobío,2958.0255224615
2022-12-01,2022,4,Biobío,3161.3316761762
2023-03-01,2023,1,Biobío,3072.5132333843
2023-06-01,2023,2,Biobío,3343.7218249526
2023-09-01,2023,3,Biobío,3202.9739501818
2023-12-01,2023,4,Biobío,3288.2066098884
2024-03-01,2024,1,Biobío,3248.2726294742
2024-06-01,2024,2,Biobío,3295.5384246956
2024-09-01,2024,3,Biobío,3286.2234290973
2024-12-01,2024,4,Biobío,3338.9899333412
2025-03-01,2025,1,Biobío,3381.1941442914
2025-06-01,2025,2,Biobío,3397.9033559814
2025-09-01,2025,3,Biobío,3146.79196647
2025-12-01,2025,4,Biobío,3354.8639162815
2026-03-01,2026,1,Biobío,3204.585639001
2013-03-01,2013,1,Coquimbo,1414.0219850271
2013-06-01,2013,2,Coquimbo,1402.6508954609
2013-09-01,2013,3,Coquimbo,1336.7193847603
2013-12-01,2013,4,Coquimbo,1425.5550799429
2014-03-01,2014,1,Coquimbo,1355.8132538399
2014-06-01,2014,2,Coquimbo,1349.1200758665
2014-09-01,2014,3,Coquimbo,1281.6027779899
2014-12-01,2014,4,Coquimbo,1382.9863847133
2015-03-01,2015,1,Coquimbo,1328.7157915617
2015-06-01,2015,2,Coquimbo,1378.3310257491
2015-09-01,2015,3,Coquimbo,1287.1666171066
2015-12-01,2015,4,Coquimbo,1385.1888948634
2016-03-01,2016,1,Coquimbo,1389.7715160041
2016-06-01,2016,2,Coquimbo,1359.9485810068
2016-09-01,2016,3,Coquimbo,1300.9467244946
2016-12-01,2016,4,Coquimbo,1388.7525099721
2017-03-01,2017,1,Coquimbo,1423.0693768607
2017-06-01,2017,2,Coquimbo,1374.7349982628
2017-09-01,2017,3,Coquimbo,1320.1659393627
2017-12-01,2017,4,Coquimbo,1442.0352172877
2018-03-01,2018,1,Coquimbo,1472.5257361149
2018-06-01,2018,2,Coquimbo,1459.384366372
2018-09-01,2018,3,Coquimbo,1413.6474933626
2018-12-01,2018,4,Coquimbo,1531.2306810752
2019-03-01,2019,1,Coquimbo,1484.8087319923
2019-06-01,2019,2,Coquimbo,1543.5487854976
2019-09-01,2019,3,Coquimbo,1463.275061708
2019-12-01,2019,4,Coquimbo,1463.2392403808
2020-03-01,2020,1,Coquimbo,1511.1669911367
2020-06-01,2020,2,Coquimbo,1335.652333398
2020-09-01,2020,3,Coquimbo,1322.1633017239
2020-12-01,2020,4,Coquimbo,1487.3300741131
2021-03-01,2021,1,Coquimbo,1489.19563524
2021-06-01,2021,2,Coquimbo,1552.1562554559
2021-09-01,2021,3,Coquimbo,1515.6284242805
2021-12-01,2021,4,Coquimbo,1605.1687073064
2022-03-01,2022,1,Coquimbo,1477.2111419857
2022-06-01,2022,2,Coquimbo,1517.9653540585
2022-09-01,2022,3,Coquimbo,1485.1622948191
2022-12-01,2022,4,Coquimbo,1622.9390202679
2023-03-01,2023,1,Coquimbo,1519.0100071031
2023-06-01,2023,2,Coquimbo,1588.0950127652
2023-09-01,2023,3,Coquimbo,1551.3763889035
2023-12-01,2023,4,Coquimbo,1659.1781498219
2024-03-01,2024,1,Coquimbo,1585.7461404563
2024-06-01,2024,2,Coquimbo,1581.4283899599
2024-09-01,2024,3,Coquimbo,1557.7068322638
2024-12-01,2024,4,Coquimbo,1651.5867242152
2025-03-01,2025,1,Coquimbo,1629.6627204988
2025-06-01,2025,2,Coquimbo,1642.9713998961
2025-09-01,2025,3,Coquimbo,1574.71976011
2025-12-01,2025,4,Coquimbo,1689.8536445881
2026-03-01,2026,1,Coquimbo,1612.923339772
2013-03-01,2013,1,La Araucanía,1195.7327767297
2013-06-01,2013,2,La Araucanía,1086.0959846504
2013-09-01,2013,3,La Araucanía,1023.3475526101
2013-12-01,2013,4,La Araucanía,1102.1098571518
2014-03-01,2014,1,La Araucanía,1195.8662904373
2014-06-01,2014,2,La Araucanía,1107.1243293218
2014-09-01,2014,3,La Araucanía,1042.8938902299
2014-12-01,2014,4,La Araucanía,1128.7813275172
2015-03-01,2015,1,La Araucanía,1243.5776221312
2015-06-01,2015,2,La Araucanía,1156.5077844208
2015-09-01,2015,3,La Araucanía,1093.3621403212
2015-12-01,2015,4,La Araucanía,1182.2717601571
2016-03-01,2016,1,La Araucanía,1336.5213972493
2016-06-01,2016,2,La Araucanía,1210.0822887102
2016-09-01,2016,3,La Araucanía,1156.3902806231
2016-12-01,2016,4,La Araucanía,1246.6907606863
2017-03-01,2017,1,La Araucanía,1362.7671580348
2017-06-01,2017,2,La Araucanía,1232.8639906785
2017-09-01,2017,3,La Araucanía,1174.1911952704
2017-12-01,2017,4,La Araucanía,1272.859823235
2018-03-01,2018,1,La Araucanía,1417.3397226295
2018-06-01,2018,2,La Araucanía,1297.5313134888
2018-09-01,2018,3,La Araucanía,1217.7767764913
2018-12-01,2018,4,La Araucanía,1313.9147527014
2019-03-01,2019,1,La Araucanía,1412.1880124269
2019-06-01,2019,2,La Araucanía,1335.0094005856
2019-09-01,2019,3,La Araucanía,1265.0992253906
2019-12-01,2019,4,La Araucanía,1315.4696560742
2020-03-01,2020,1,La Araucanía,1418.8892880479
2020-06-01,2020,2,La Araucanía,1145.7323147151
2020-09-01,2020,3,La Araucanía,1212.83958553
2020-12-01,2020,4,La Araucanía,1305.9498848016
2021-03-01,2021,1,La Araucanía,1412.6684931752
2021-06-01,2021,2,La Araucanía,1389.035907857
2021-09-01,2021,3,La Araucanía,1387.2096258988
2021-12-01,2021,4,La Araucanía,1530.8669376664
2022-03-01,2022,1,La Araucanía,1539.3414160585
2022-06-01,2022,2,La Araucanía,1499.1743982879
2022-09-01,2022,3,La Araucanía,1411.7867091783
2022-12-01,2022,4,La Araucanía,1512.860359629
2023-03-01,2023,1,La Araucanía,1568.5267498465
2023-06-01,2023,2,La Araucanía,1502.3947115168
2023-09-01,2023,3,La Araucanía,1440.5598419121
2023-12-01,2023,4,La Araucanía,1558.8551615743
2024-03-01,2024,1,La Araucanía,1628.3879246322
2024-06-01,2024,2,La Araucanía,1528.4943671563
2024-09-01,2024,3,La Araucanía,1489.5750588763
2024-12-01,2024,4,La Araucanía,1605.493779411
2025-03-01,2025,1,La Araucanía,1711.1773999061
2025-06-01,2025,2,La Araucanía,1577.7857294665
2025-09-01,2025,3,La Araucanía,1505.947500916
2025-12-01,2025,4,La Araucanía,1616.5389141179
2026-03-01,2026,1,La Araucanía,1669.3392167894
2013-03-01,2013,1,Los Lagos,1227.3440172824
2013-06-01,2013,2,Los Lagos,1258.039342222
2013-09-01,2013,3,Los Lagos,1167.4408452729
2013-12-01,2013,4,Los Lagos,1335.971090253
2014-03-01,2014,1,Los Lagos,1296.3489884174
2014-06-01,2014,2,Los Lagos,1355.3364651268
2014-09-01,2014,3,Los Lagos,1265.550102212
2014-12-01,2014,4,Los Lagos,1420.0714298207
2015-03-01,2015,1,Los Lagos,1323.2239640337
2015-06-01,2015,2,Los Lagos,1363.8725326461
2015-09-01,2015,3,Los Lagos,1298.4527005109
2015-12-01,2015,4,Los Lagos,1424.7880486911
2016-03-01,2016,1,Los Lagos,1395.4163111549
2016-06-01,2016,2,Los Lagos,1373.1638344499
2016-09-01,2016,3,Los Lagos,1323.4295248805
2016-12-01,2016,4,Los Lagos,1500.4841775657
2017-03-01,2017,1,Los Lagos,1457.6103492331
2017-06-01,2017,2,Los Lagos,1531.7545037981
2017-09-01,2017,3,Los Lagos,1440.1812474946
2017-12-01,2017,4,Los Lagos,1593.7876848824
2018-03-01,2018,1,Los Lagos,1530.3902213093
2018-06-01,2018,2,Los Lagos,1649.45850839
2018-09-01,2018,3,Los Lagos,1535.2090999541
2018-12-01,2018,4,Los Lagos,1702.1250695333
2019-03-01,2019,1,Los Lagos,1634.5962733095
2019-06-01,2019,2,Los Lagos,1659.0418637329
2019-09-01,2019,3,Los Lagos,1603.0663104015
2019-12-01,2019,4,Los Lagos,1663.7128872368
2020-03-01,2020,1,Los Lagos,1647.4903215312
2020-06-01,2020,2,Los Lagos,1498.8940777848
2020-09-01,2020,3,Los Lagos,1462.0636043933
2020-12-01,2020,4,Los Lagos,1622.8305791302
2021-03-01,2021,1,Los Lagos,1564.1781312395
2021-06-01,2021,2,Los Lagos,1684.1049398751
2021-09-01,2021,3,Los Lagos,1657.7499783903
2021-12-01,2021,4,Los Lagos,1823.0893683804
2022-03-01,2022,1,Los Lagos,1686.545320453
2022-06-01,2022,2,Los Lagos,1781.2638709426
2022-09-01,2022,3,Los Lagos,1683.7168700076
2022-12-01,2022,4,Los Lagos,1812.0735536901
2023-03-01,2023,1,Los Lagos,1748.76845742
2023-06-01,2023,2,Los Lagos,1776.7364305087
2023-09-01,2023,3,Los Lagos,1704.3273096812
2023-12-01,2023,4,Los Lagos,1824.9863682755
2024-03-01,2024,1,Los Lagos,1768.770658436
2024-06-01,2024,2,Los Lagos,1790.5145416999
2024-09-01,2024,3,Los Lagos,1726.1223489878
2024-12-01,2024,4,Los Lagos,1880.6656229071
2025-03-01,2025,1,Los Lagos,1862.416988872
2025-06-01,2025,2,Los Lagos,1891.5109188558
2025-09-01,2025,3,Los Lagos,1815.9759319928
2025-12-01,2025,4,Los Lagos,1975.8631495678
2026-03-01,2026,1,Los Lagos,1884.6468693282
2013-03-01,2013,1,Los Ríos,532.69746496754
2013-06-01,2013,2,Los Ríos,529.97059191597
2013-09-01,2013,3,Los Ríos,504.69654717936
2013-12-01,2013,4,Los Ríos,542.36902511673
2014-03-01,2014,1,Los Ríos,550.49800069363
2014-06-01,2014,2,Los Ríos,546.96901015387
2014-09-01,2014,3,Los Ríos,520.75335401222
2014-12-01,2014,4,Los Ríos,573.77076400042
2015-03-01,2015,1,Los Ríos,574.91834877139
2015-06-01,2015,2,Los Ríos,566.10969752998
2015-09-01,2015,3,Los Ríos,542.04441903399
2015-12-01,2015,4,Los Ríos,588.60040297665
2016-03-01,2016,1,Los Ríos,593.39215259711
2016-06-01,2016,2,Los Ríos,588.56524413303
2016-09-01,2016,3,Los Ríos,556.62188905033
2016-12-01,2016,4,Los Ríos,607.72223910712
2017-03-01,2017,1,Los Ríos,598.63555594955
2017-06-01,2017,2,Los Ríos,591.49134933845
2017-09-01,2017,3,Los Ríos,568.53372971987
2017-12-01,2017,4,Los Ríos,625.57890356618
2018-03-01,2018,1,Los Ríos,634.40183240853
2018-06-01,2018,2,Los Ríos,626.92715382329
2018-09-01,2018,3,Los Ríos,586.81646747893
2018-12-01,2018,4,Los Ríos,652.35933766726
2019-03-01,2019,1,Los Ríos,642.35641984056
2019-06-01,2019,2,Los Ríos,635.34874113238
2019-09-01,2019,3,Los Ríos,603.49700563884
2019-12-01,2019,4,Los Ríos,625.54942189906
2020-03-01,2020,1,Los Ríos,635.71402437621
2020-06-01,2020,2,Los Ríos,557.60199385015
2020-09-01,2020,3,Los Ríos,567.66639752163
2020-12-01,2020,4,Los Ríos,642.16774144863
2021-03-01,2021,1,Los Ríos,631.11984844082
2021-06-01,2021,2,Los Ríos,649.45207499401
2021-09-01,2021,3,Los Ríos,629.89525721322
2021-12-01,2021,4,Los Ríos,728.58744700791
2022-03-01,2022,1,Los Ríos,680.34039130071
2022-06-01,2022,2,Los Ríos,677.74365479061
2022-09-01,2022,3,Los Ríos,629.51587688286
2022-12-01,2022,4,Los Ríos,720.53083495285
2023-03-01,2023,1,Los Ríos,667.34960981881
2023-06-01,2023,2,Los Ríos,658.77317277658
2023-09-01,2023,3,Los Ríos,645.35685079398
2023-12-01,2023,4,Los Ríos,730.20514162819
2024-03-01,2024,1,Los Ríos,711.06274917742
2024-06-01,2024,2,Los Ríos,686.64255656735
2024-09-01,2024,3,Los Ríos,666.36214500819
2024-12-01,2024,4,Los Ríos,757.80250979343
2025-03-01,2025,1,Los Ríos,723.00110474913
2025-06-01,2025,2,Los Ríos,724.8913578236
2025-09-01,2025,3,Los Ríos,682.79362916414
2025-12-01,2025,4,Los Ríos,764.66218384411
2026-03-01,2026,1,Los Ríos,739.21002708512
2013-03-01,2013,1,Magallanes,387.45874502311
2013-06-01,2013,2,Magallanes,388.91633240369
2013-09-01,2013,3,Magallanes,382.79883007458
2013-12-01,2013,4,Magallanes,435.8269076855
2014-03-01,2014,1,Magallanes,438.34450374793
2014-06-01,2014,2,Magallanes,415.40396888406
2014-09-01,2014,3,Magallanes,400.4269256946
2014-12-01,2014,4,Magallanes,436.61777208323
2015-03-01,2015,1,Magallanes,438.63157776365
2015-06-01,2015,2,Magallanes,414.66369039702
2015-09-01,2015,3,Magallanes,403.24466247848
2015-12-01,2015,4,Magallanes,468.91901293141
2016-03-01,2016,1,Magallanes,458.17893243387
2016-06-01,2016,2,Magallanes,443.32214876384
2016-09-01,2016,3,Magallanes,433.44697774918
2016-12-01,2016,4,Magallanes,484.25944466
2017-03-01,2017,1,Magallanes,481.23585536613
2017-06-01,2017,2,Magallanes,451.47665591094
2017-09-01,2017,3,Magallanes,430.93880545607
2017-12-01,2017,4,Magallanes,498.2392182526
2018-03-01,2018,1,Magallanes,464.73225015888
2018-06-01,2018,2,Magallanes,454.41743557958
2018-09-01,2018,3,Magallanes,433.60590150749
2018-12-01,2018,4,Magallanes,488.09926674494
2019-03-01,2019,1,Magallanes,490.33460810245
2019-06-01,2019,2,Magallanes,482.78118020565
2019-09-01,2019,3,Magallanes,454.50140004964
2019-12-01,2019,4,Magallanes,503.04494914509
2020-03-01,2020,1,Magallanes,502.01641137764
2020-06-01,2020,2,Magallanes,395.84806476623
2020-09-01,2020,3,Magallanes,376.28600577128
2020-12-01,2020,4,Magallanes,411.36820055437
2021-03-01,2021,1,Magallanes,426.38021934083
2021-06-01,2021,2,Magallanes,438.69353883882
2021-09-01,2021,3,Magallanes,443.20109727959
2021-12-01,2021,4,Magallanes,498.73935693977
2022-03-01,2022,1,Magallanes,472.34630563204
2022-06-01,2022,2,Magallanes,474.63994155591
2022-09-01,2022,3,Magallanes,456.85997687425
2022-12-01,2022,4,Magallanes,503.24784773534
2023-03-01,2023,1,Magallanes,479.30730655443
2023-06-01,2023,2,Magallanes,469.56209389213
2023-09-01,2023,3,Magallanes,461.92054314717
2023-12-01,2023,4,Magallanes,518.10770819963
2024-03-01,2024,1,Magallanes,519.56594009149
2024-06-01,2024,2,Magallanes,488.7426164951
2024-09-01,2024,3,Magallanes,474.059431914
2024-12-01,2024,4,Magallanes,553.52329303123
2025-03-01,2025,1,Magallanes,557.51899013633
2025-06-01,2025,2,Magallanes,528.90770070538
2025-09-01,2025,3,Magallanes,500.17902362646
2025-12-01,2025,4,Magallanes,539.48916271447
2026-03-01,2026,1,Magallanes,550.19055713231
2013-03-01,2013,1,Maule,1588.794203869
2013-06-01,2013,2,Maule,1667.8227465424
2013-09-01,2013,3,Maule,1292.4171363629
2013-12-01,2013,4,Maule,1477.9131922754
2014-03-01,2014,1,Maule,1574.7116970958
2014-06-01,2014,2,Maule,1583.9194173493
2014-09-01,2014,3,Maule,1310.1128379388
2014-12-01,2014,4,Maule,1552.2793821348
2015-03-01,2015,1,Maule,1685.1801571784
2015-06-01,2015,2,Maule,1746.3586308308
2015-09-01,2015,3,Maule,1408.5601000614
2015-12-01,2015,4,Maule,1666.7116465173
2016-03-01,2016,1,Maule,1834.0916821776
2016-06-01,2016,2,Maule,1769.7582950739
2016-09-01,2016,3,Maule,1416.9180097
2016-12-01,2016,4,Maule,1610.2271986862
2017-03-01,2017,1,Maule,1794.6107306842
2017-06-01,2017,2,Maule,1715.5464293112
2017-09-01,2017,3,Maule,1410.0575795719
2017-12-01,2017,4,Maule,1718.0429367574
2018-03-01,2018,1,Maule,1888.6019842265
2018-06-01,2018,2,Maule,1944.6835958831
2018-09-01,2018,3,Maule,1477.0487128468
2018-12-01,2018,4,Maule,1866.7656929859
2019-03-01,2019,1,Maule,1919.2301696113
2019-06-01,2019,2,Maule,1909.5637600476
2019-09-01,2019,3,Maule,1527.1481812482
2019-12-01,2019,4,Maule,1786.1519809099
2020-03-01,2020,1,Maule,1864.4939304725
2020-06-01,2020,2,Maule,1684.4393787392
2020-09-01,2020,3,Maule,1480.0322926841
2020-12-01,2020,4,Maule,2017.9459577343
2021-03-01,2021,1,Maule,1955.2207665289
2021-06-01,2021,2,Maule,1947.2899152992
2021-09-01,2021,3,Maule,1629.5480655585
2021-12-01,2021,4,Maule,2118.1382165833
2022-03-01,2022,1,Maule,2032.537175998
2022-06-01,2022,2,Maule,2012.5902863345
2022-09-01,2022,3,Maule,1692.3888534467
2022-12-01,2022,4,Maule,2169.5594487035
2023-03-01,2023,1,Maule,1983.9719470887
2023-06-01,2023,2,Maule,2030.6129647578
2023-09-01,2023,3,Maule,1752.494774021
2023-12-01,2023,4,Maule,2266.3373252224
2024-03-01,2024,1,Maule,2102.896857435
2024-06-01,2024,2,Maule,2046.9978072543
2024-09-01,2024,3,Maule,1790.2485393277
2024-12-01,2024,4,Maule,2531.574658856
2025-03-01,2025,1,Maule,2250.8679597086
2025-06-01,2025,2,Maule,2131.0211159841
2025-09-01,2025,3,Maule,1739.1962227423
2025-12-01,2025,4,Maule,2471.5687977475
2026-03-01,2026,1,Maule,2178.7858074273
2013-03-01,2013,1,Metropolitana,16775.53026276
2013-06-01,2013,2,Metropolitana,17736.86746827
2013-09-01,2013,3,Metropolitana,17051.800880901
2013-12-01,2013,4,Metropolitana,18711.491483285
2014-03-01,2014,1,Metropolitana,17228.381046032
2014-06-01,2014,2,Metropolitana,17922.363425872
2014-09-01,2014,3,Metropolitana,17346.304167153
2014-12-01,2014,4,Metropolitana,18984.291346201
2015-03-01,2015,1,Metropolitana,17532.212235097
2015-06-01,2015,2,Metropolitana,18344.096283955
2015-09-01,2015,3,Metropolitana,17910.560386122
2015-12-01,2015,4,Metropolitana,19507.518426004
2016-03-01,2016,1,Metropolitana,18046.219680391
2016-06-01,2016,2,Metropolitana,18799.854792949
2016-09-01,2016,3,Metropolitana,18301.54606779
2016-12-01,2016,4,Metropolitana,19709.529104703
2017-03-01,2017,1,Metropolitana,18160.535111127
2017-06-01,2017,2,Metropolitana,18925.819914637
2017-09-01,2017,3,Metropolitana,18531.834173152
2017-12-01,2017,4,Metropolitana,20100.072400796
2018-03-01,2018,1,Metropolitana,18759.416047794
2018-06-01,2018,2,Metropolitana,19729.676237386
2018-09-01,2018,3,Metropolitana,18936.509007222
2018-12-01,2018,4,Metropolitana,20805.941123657
2019-03-01,2019,1,Metropolitana,19332.20380201
2019-06-01,2019,2,Metropolitana,20184.323971852
2019-09-01,2019,3,Metropolitana,19466.013231889
2019-12-01,2019,4,Metropolitana,19989.298973384
2020-03-01,2020,1,Metropolitana,19040.888339982
2020-06-01,2020,2,Metropolitana,16381.378519289
2020-09-01,2020,3,Metropolitana,17052.661188545
2020-12-01,2020,4,Metropolitana,19755.671315931
2021-03-01,2021,1,Metropolitana,19150.024322922
2021-06-01,2021,2,Metropolitana,19849.641533575
2021-09-01,2021,3,Metropolitana,20657.448160527
2021-12-01,2021,4,Metropolitana,22369.842646716
2022-03-01,2022,1,Metropolitana,20567.817006992
2022-06-01,2022,2,Metropolitana,21217.166960214
2022-09-01,2022,3,Metropolitana,20794.954356876
2022-12-01,2022,4,Metropolitana,21615.792982232
2023-03-01,2023,1,Metropolitana,20823.452548126
2023-06-01,2023,2,Metropolitana,21184.672323862
2023-09-01,2023,3,Metropolitana,20588.769651629
2023-12-01,2023,4,Metropolitana,22046.685688859
2024-03-01,2024,1,Metropolitana,21057.486092908
2024-06-01,2024,2,Metropolitana,21266.663930866
2024-09-01,2024,3,Metropolitana,21005.096559426
2024-12-01,2024,4,Metropolitana,22670.553914421
2025-03-01,2025,1,Metropolitana,21571.016165022
2025-06-01,2025,2,Metropolitana,21831.747419947
2025-09-01,2025,3,Metropolitana,21711.436726679
2025-12-01,2025,4,Metropolitana,23336.209149745
2026-03-01,2026,1,Metropolitana,21793.731630918
2013-03-01,2013,1,O'Higgins,1970.6726828993
2013-06-01,2013,2,O'Higgins,1720.5648471425
2013-09-01,2013,3,O'Higgins,1500.0893300588
2013-12-01,2013,4,O'Higgins,1707.8691902907
2014-03-01,2014,1,O'Higgins,1982.7340049166
2014-06-01,2014,2,O'Higgins,1713.1555043237
2014-09-01,2014,3,O'Higgins,1561.3213414048
2014-12-01,2014,4,O'Higgins,1805.3194825805
2015-03-01,2015,1,O'Higgins,2205.5800467919
2015-06-01,2015,2,O'Higgins,1855.5629813424
2015-09-01,2015,3,O'Higgins,1599.03635023
2015-12-01,2015,4,O'Higgins,1802.4906297432
2016-03-01,2016,1,O'Higgins,2363.0055689805
2016-06-01,2016,2,O'Higgins,1799.7881660416
2016-09-01,2016,3,O'Higgins,1597.5789904886
2016-12-01,2016,4,O'Higgins,1855.0912033477
2017-03-01,2017,1,O'Higgins,2231.1767547926
2017-06-01,2017,2,O'Higgins,1791.1448705595
2017-09-01,2017,3,O'Higgins,1568.2698024098
2017-12-01,2017,4,O'Higgins,1918.9681635689
2018-03-01,2018,1,O'Higgins,2311.2519841643
2018-06-01,2018,2,O'Higgins,1935.469764579
2018-09-01,2018,3,O'Higgins,1679.6466330735
2018-12-01,2018,4,O'Higgins,2013.2427847218
2019-03-01,2019,1,O'Higgins,2259.3828572833
2019-06-01,2019,2,O'Higgins,1931.8297450415
2019-09-01,2019,3,O'Higgins,1648.5859638284
2019-12-01,2019,4,O'Higgins,2050.7707235089
2020-03-01,2020,1,O'Higgins,2180.2464389209
2020-06-01,2020,2,O'Higgins,1659.3438906326
2020-09-01,2020,3,O'Higgins,1614.8643273527
2020-12-01,2020,4,O'Higgins,2141.7477249527
2021-03-01,2021,1,O'Higgins,2263.7583246406
2021-06-01,2021,2,O'Higgins,1930.7194101468
2021-09-01,2021,3,O'Higgins,1773.7148696857
2021-12-01,2021,4,O'Higgins,2348.1112034658
2022-03-01,2022,1,O'Higgins,2241.8703507253
2022-06-01,2022,2,O'Higgins,1943.1260687936
2022-09-01,2022,3,O'Higgins,1794.1493326556
2022-12-01,2022,4,O'Higgins,2354.5257883717
2023-03-01,2023,1,O'Higgins,2232.8077148418
2023-06-01,2023,2,O'Higgins,1933.8348784073
2023-09-01,2023,3,O'Higgins,1788.3969433518
2023-12-01,2023,4,O'Higgins,2266.4216065268
2024-03-01,2024,1,O'Higgins,2338.7502493504
2024-06-01,2024,2,O'Higgins,1939.0593348782
2024-09-01,2024,3,O'Higgins,1827.038509181
2024-12-01,2024,4,O'Higgins,2623.8593934818
2025-03-01,2025,1,O'Higgins,2433.3125122999
2025-06-01,2025,2,O'Higgins,2049.1129243602
2025-09-01,2025,3,O'Higgins,1758.1261588052
2025-12-01,2025,4,O'Higgins,2424.2487778004
2026-03-01,2026,1,O'Higgins,2271.9179274972
2013-03-01,2013,1,Tarapacá,825.61632501692
2013-06-01,2013,2,Tarapacá,936.88770215343
2013-09-01,2013,3,Tarapacá,1053.8518326523
2013-12-01,2013,4,Tarapacá,1151.0680900508
2014-03-01,2014,1,Tarapacá,983.64213129778
2014-06-01,2014,2,Tarapacá,998.89991327286
2014-09-01,2014,3,Tarapacá,957.041823306
2014-12-01,2014,4,Tarapacá,1090.8748533261
2015-03-01,2015,1,Tarapacá,972.57200598717
2015-06-01,2015,2,Tarapacá,1033.1974939292
2015-09-01,2015,3,Tarapacá,948.53099051674
2015-12-01,2015,4,Tarapacá,1074.8100279685
2016-03-01,2016,1,Tarapacá,945.83338285308
2016-06-01,2016,2,Tarapacá,1011.5279928741
2016-09-01,2016,3,Tarapacá,979.96993917975
2016-12-01,2016,4,Tarapacá,985.33537938195
2017-03-01,2017,1,Tarapacá,988.66207975891
2017-06-01,2017,2,Tarapacá,994.71779864357
2017-09-01,2017,3,Tarapacá,1002.415029794
2017-12-01,2017,4,Tarapacá,1095.6717952866
2018-03-01,2018,1,Tarapacá,1034.8208728326
2018-06-01,2018,2,Tarapacá,1075.2276355218
2018-09-01,2018,3,Tarapacá,1037.3265551238
2018-12-01,2018,4,Tarapacá,1206.0820847141
2019-03-01,2019,1,Tarapacá,1062.8299993359
2019-06-01,2019,2,Tarapacá,1123.8056482372
2019-09-01,2019,3,Tarapacá,1182.2048036555
2019-12-01,2019,4,Tarapacá,1202.4026875193
2020-03-01,2020,1,Tarapacá,1136.8679105141
2020-06-01,2020,2,Tarapacá,1042.6929363349
2020-09-01,2020,3,Tarapacá,1092.8624066196
2020-12-01,2020,4,Tarapacá,1118.9806247035
2021-03-01,2021,1,Tarapacá,1103.2889780353
2021-06-01,2021,2,Tarapacá,1222.5871012389
2021-09-01,2021,3,Tarapacá,1184.8620292476
2021-12-01,2021,4,Tarapacá,1281.8828710144
2022-03-01,2022,1,Tarapacá,1183.7049612671
2022-06-01,2022,2,Tarapacá,1242.2448563451
2022-09-01,2022,3,Tarapacá,1182.9337711367
2022-12-01,2022,4,Tarapacá,1244.8538641383
2023-03-01,2023,1,Tarapacá,1175.7146558073
2023-06-01,2023,2,Tarapacá,1191.0027602334
2023-09-01,2023,3,Tarapacá,1281.4895566044
2023-12-01,2023,4,Tarapacá,1369.8738080583
2024-03-01,2024,1,Tarapacá,1283.4121042275
2024-06-01,2024,2,Tarapacá,1276.0450083381
2024-09-01,2024,3,Tarapacá,1292.7771592211
2024-12-01,2024,4,Tarapacá,1328.5771846746
2025-03-01,2025,1,Tarapacá,1078.7622975045
2025-06-01,2025,2,Tarapacá,1234.0208028173
2025-09-01,2025,3,Tarapacá,1175.9168415511
2025-12-01,2025,4,Tarapacá,1259.5501979765
2026-03-01,2026,1,Tarapacá,1137.6485807586
2013-03-01,2013,1,Valparaíso,3397.0285298005
2013-06-01,2013,2,Valparaíso,3441.0710543219
2013-09-01,2013,3,Valparaíso,3278.2995777494
2013-12-01,2013,4,Valparaíso,3529.767381306
2014-03-01,2014,1,Valparaíso,3339.3100515999
2014-06-01,2014,2,Valparaíso,3383.6942887323
2014-09-01,2014,3,Valparaíso,3227.6572252561
2014-12-01,2014,4,Valparaíso,3375.0498031071
2015-03-01,2015,1,Valparaíso,3316.5076789732
2015-06-01,2015,2,Valparaíso,3347.6318336311
2015-09-01,2015,3,Valparaíso,3222.4460223117
2015-12-01,2015,4,Valparaíso,3440.9671670493
2016-03-01,2016,1,Valparaíso,3444.8734019069
2016-06-01,2016,2,Valparaíso,3401.5504008001
2016-09-01,2016,3,Valparaíso,3372.4471568719
2016-12-01,2016,4,Valparaíso,3511.1515738819
2017-03-01,2017,1,Valparaíso,3484.1779524435
2017-06-01,2017,2,Valparaíso,3482.2071930648
2017-09-01,2017,3,Valparaíso,3391.2262010293
2017-12-01,2017,4,Valparaíso,3578.8103520505
2018-03-01,2018,1,Valparaíso,3476.967553872
2018-06-01,2018,2,Valparaíso,3567.5104916038
2018-09-01,2018,3,Valparaíso,3366.2613820186
2018-12-01,2018,4,Valparaíso,3577.9384356757
2019-03-01,2019,1,Valparaíso,3474.7158634893
2019-06-01,2019,2,Valparaíso,3530.3725828003
2019-09-01,2019,3,Valparaíso,3446.3455462025
2019-12-01,2019,4,Valparaíso,3494.5500547391
2020-03-01,2020,1,Valparaíso,3451.7865697394
2020-06-01,2020,2,Valparaíso,3081.7054890224
2020-09-01,2020,3,Valparaíso,3083.3500290715
2020-12-01,2020,4,Valparaíso,3463.6721894142
2021-03-01,2021,1,Valparaíso,3360.5465530509
2021-06-01,2021,2,Valparaíso,3528.7299261197
2021-09-01,2021,3,Valparaíso,3595.3612864827
2021-12-01,2021,4,Valparaíso,3918.0470813283
2022-03-01,2022,1,Valparaíso,3720.1243919743
2022-06-01,2022,2,Valparaíso,3812.5061807036
2022-09-01,2022,3,Valparaíso,3725.468756491
2022-12-01,2022,4,Valparaíso,3992.1059312815
2023-03-01,2023,1,Valparaíso,3725.5423303105
2023-06-01,2023,2,Valparaíso,3779.0300858648
2023-09-01,2023,3,Valparaíso,3730.1498071216
2023-12-01,2023,4,Valparaíso,3986.9300945826
2024-03-01,2024,1,Valparaíso,3807.5166898646
2024-06-01,2024,2,Valparaíso,3808.0477717652
2024-09-01,2024,3,Valparaíso,3827.3467970707
2024-12-01,2024,4,Valparaíso,4088.3573380905
2025-03-01,2025,1,Valparaíso,3914.0903083001
2025-06-01,2025,2,Valparaíso,3907.965109745
2025-09-01,2025,3,Valparaíso,3905.4583372719
2025-12-01,2025,4,Valparaíso,4266.5083548889
2026-03-01,2026,1,Valparaíso,3924.3223100023
2013-03-01,2013,1,Ñuble,601.76516729281
2013-06-01,2013,2,Ñuble,627.71502330845
2013-09-01,2013,3,Ñuble,544.48284018555
2013-12-01,2013,4,Ñuble,571.52780924665
2014-03-01,2014,1,Ñuble,607.24342421499
2014-06-01,2014,2,Ñuble,620.59901141481
2014-09-01,2014,3,Ñuble,550.66506193977
2014-12-01,2014,4,Ñuble,596.64535998745
2015-03-01,2015,1,Ñuble,629.70249273912
2015-06-01,2015,2,Ñuble,652.97172858764
2015-09-01,2015,3,Ñuble,579.26434846842
2015-12-01,2015,4,Ñuble,632.48838549709
2016-03-01,2016,1,Ñuble,700.90608296596
2016-06-01,2016,2,Ñuble,662.90605498128
2016-09-01,2016,3,Ñuble,611.09707370222
2016-12-01,2016,4,Ñuble,660.45867028031
2017-03-01,2017,1,Ñuble,673.15463307045
2017-06-01,2017,2,Ñuble,658.46917948187
2017-09-01,2017,3,Ñuble,609.85947576892
2017-12-01,2017,4,Ñuble,659.09353646508
2018-03-01,2018,1,Ñuble,736.94170337992
2018-06-01,2018,2,Ñuble,716.05315946551
2018-09-01,2018,3,Ñuble,635.32852510894
2018-12-01,2018,4,Ñuble,697.04951945414
2019-03-01,2019,1,Ñuble,723.92202022144
2019-06-01,2019,2,Ñuble,724.86132747541
2019-09-01,2019,3,Ñuble,651.80719268887
2019-12-01,2019,4,Ñuble,692.06585622216
2020-03-01,2020,1,Ñuble,738.94152900885
2020-06-01,2020,2,Ñuble,624.11819197684
2020-09-01,2020,3,Ñuble,621.02576654256
2020-12-01,2020,4,Ñuble,714.00807457579
2021-03-01,2021,1,Ñuble,740.74256560068
2021-06-01,2021,2,Ñuble,751.86784563689
2021-09-01,2021,3,Ñuble,711.16126603294
2021-12-01,2021,4,Ñuble,813.78636599969
2022-03-01,2022,1,Ñuble,809.95870173061
2022-06-01,2022,2,Ñuble,790.33748151409
2022-09-01,2022,3,Ñuble,727.1576773351
2022-12-01,2022,4,Ñuble,796.08134009424
2023-03-01,2023,1,Ñuble,778.46843994672
2023-06-01,2023,2,Ñuble,760.12126551712
2023-09-01,2023,3,Ñuble,713.45676452758
2023-12-01,2023,4,Ñuble,800.88576873626
2024-03-01,2024,1,Ñuble,826.47139856517
2024-06-01,2024,2,Ñuble,782.03983939414
2024-09-01,2024,3,Ñuble,732.3559927163
2024-12-01,2024,4,Ñuble,848.12026473789
2025-03-01,2025,1,Ñuble,861.98827359116
2025-06-01,2025,2,Ñuble,815.38748109823
2025-09-01,2025,3,Ñuble,741.1588028528
2025-12-01,2025,4,Ñuble,850.89897154793
2026-03-01,2026,1,Ñuble,837.34932127944
